Id,target
0,A
1,H
2,A
3,A
4,H
5,A
6,A
7,A
8,A
9,H
10,A
11,A
12,A
13,A
14,A
15,A
16,A
17,A
18,A
19,A
20,A
21,A
22,A
23,A
24,A
25,A
26,A
27,A
28,A
29,A
30,H
31,A
32,A
33,A
34,A
35,A
36,A
37,A
38,A
39,A
40,A
41,A
42,A
43,A
44,A
45,A
46,A
47,A
48,A
49,A
50,A
51,A
52,A
53,A
54,A
55,A
56,A
57,A
58,A
59,A
60,A
61,A
62,A
63,A
64,A
65,A
66,A
67,A
68,A
69,A
70,A
71,A
72,A
73,A
74,B
75,A
76,A
77,A
78,A
79,A
80,A
81,H
82,I
83,A
84,A
85,A
86,A
87,A
88,A
89,D
90,A
91,A
92,A
93,A
94,A
95,A
96,A
97,A
98,A
99,A
100,A
101,A
102,A
103,A
104,A
105,A
106,A
107,A
108,A
109,A
110,A
111,A
112,A
113,A
114,A
115,A
116,A
117,A
118,A
119,A
120,A
121,A
122,A
123,A
124,A
125,A
126,A
127,A
128,A
129,A
130,A
131,A
132,A
133,A
134,A
135,A
136,A
137,A
138,A
139,A
140,A
141,A
142,A
143,A
144,A
145,A
146,E
147,A
148,A
149,A
150,A
151,A
152,A
153,A
154,A
155,A
156,A
157,A
158,A
159,A
160,A
161,A
162,A
163,A
164,A
165,A
166,A
167,A
168,A
169,A
170,A
171,A
172,A
173,A
174,A
175,A
176,A
177,D
178,A
179,A
180,A
181,F
182,A
183,A
184,A
185,A
186,A
187,A
188,A
189,A
190,A
191,A
192,A
193,A
194,A
195,A
196,A
197,A
198,A
199,H
200,A
201,A
202,A
203,A
204,A
205,A
206,A
207,A
208,A
209,A
210,A
211,H
212,A
213,A
214,A
215,A
216,A
217,A
218,A
219,A
220,A
221,A
222,A
223,A
224,A
225,A
226,A
227,A
228,A
229,A
230,A
231,A
232,A
233,A
234,A
235,A
236,A
237,A
238,A
239,B
240,A
241,A
242,A
243,A
244,A
245,A
246,A
247,B
248,H
249,A
250,A
251,A
252,A
253,A
254,A
255,A
256,A
257,A
258,A
259,A
260,A
261,A
262,A
263,A
264,A
265,A
266,A
267,A
268,A
269,A
270,A
271,A
272,A
273,A
274,H
275,A
276,A
277,A
278,A
279,A
280,A
281,A
282,A
283,A
284,A
285,A
286,A
287,A
288,A
289,A
290,A
291,A
292,A
293,D
294,D
295,A
296,A
297,A
298,A
299,A
300,A
301,A
302,A
303,A
304,A
305,H
306,H
307,A
308,A
309,A
310,A
311,H
312,A
313,A
314,A
315,A
316,A
317,A
318,A
319,A
320,A
321,H
322,A
323,A
324,A
325,A
326,A
327,A
328,A
329,A
330,A
331,A
332,A
333,A
334,A
335,A
336,I
337,A
338,J
339,I
340,J
341,A
342,A
343,A
344,A
345,H
346,A
347,A
348,A
349,A
350,A
351,A
352,A
353,A
354,A
355,A
356,A
357,A
358,A
359,A
360,A
361,A
362,A
363,A
364,A
365,A
366,A
367,A
368,A
369,A
370,A
371,A
372,A
373,A
374,A
375,A
376,A
377,A
378,A
379,A
380,A
381,F
382,A
383,A
384,A
385,A
386,A
387,A
388,D
389,A
390,A
391,A
392,A
393,A
394,A
395,H
396,A
397,A
398,A
399,A
400,A
401,I
402,A
403,A
404,A
405,A
406,A
407,A
408,A
409,A
410,A
411,A
412,A
413,A
414,A
415,A
416,A
417,A
418,A
419,A
420,A
421,A
422,A
423,A
424,A
425,A
426,A
427,A
428,A
429,A
430,A
431,A
432,A
433,A
434,A
435,J
436,A
437,A
438,A
439,A
440,A
441,A
442,A
443,A
444,A
445,A
446,H
447,A
448,A
449,A
450,A
451,A
452,A
453,A
454,G
455,A
456,A
457,A
458,A
459,A
460,A
461,A
462,D
463,A
464,A
465,A
466,A
467,A
468,H
469,A
470,H
471,A
472,A
473,A
474,A
475,A
476,A
477,A
478,A
479,A
480,A
481,A
482,A
483,A
484,A
485,A
486,A
487,A
488,A
489,A
490,A
491,A
492,A
493,A
494,A
495,A
496,A
497,A
498,A
499,A
500,A
501,A
502,A
503,A
504,A
505,A
506,A
507,A
508,A
509,A
510,A
511,A
512,A
513,A
514,A
515,A
516,A
517,A
518,A
519,A
520,A
521,A
522,A
523,A
524,A
525,A
526,G
527,A
528,A
529,A
530,A
531,A
532,A
533,A
534,A
535,A
536,A
537,I
538,A
539,A
540,A
541,A
542,A
543,A
544,A
545,A
546,A
547,A
548,A
549,A
550,A
551,A
552,A
553,A
554,A
555,A
556,A
557,A
558,A
559,A
560,A
561,A
562,A
563,I
564,A
565,A
566,A
567,A
568,A
569,A
570,A
571,A
572,A
573,A
574,A
575,H
576,A
577,A
578,A
579,D
580,A
581,A
582,A
583,A
584,A
585,A
586,A
587,A
588,A
589,A
590,A
591,A
592,A
593,A
594,A
595,A
596,A
597,A
598,A
599,A
600,A
601,A
602,A
603,A
604,A
605,H
606,A
607,A
608,A
609,A
610,A
611,A
612,A
613,A
614,A
615,A
616,A
617,A
618,A
619,A
620,A
621,A
622,A
623,A
624,A
625,A
626,J
627,A
628,A
629,A
630,A
631,A
632,D
633,A
634,A
635,A
636,A
637,A
638,A
639,A
640,A
641,A
642,A
643,A
644,A
645,A
646,A
647,A
648,D
649,A
650,A
651,A
652,A
653,A
654,A
655,A
656,A
657,A
658,A
659,A
660,A
661,A
662,A
663,A
664,A
665,A
666,A
667,A
668,A
669,A
670,A
671,A
672,A
673,A
674,A
675,A
676,A
677,A
678,A
679,A
680,H
681,A
682,A
683,A
684,A
685,A
686,A
687,A
688,A
689,A
690,A
691,A
692,A
693,A
694,A
695,A
696,A
697,A
698,A
699,A
700,A
701,A
702,A
703,A
704,A
705,A
706,B
707,A
708,A
709,A
710,A
711,A
712,A
713,A
714,A
715,A
716,A
717,A
718,A
719,A
720,A
721,A
722,A
723,A
724,A
725,A
726,A
727,A
728,A
729,A
730,A
731,A
732,A
733,A
734,A
735,A
736,A
737,A
738,A
739,A
740,D
741,D
742,A
743,A
744,A
745,A
746,A
747,A
748,H
749,A
750,A
751,A
752,A
753,A
754,A
755,A
756,A
757,A
758,A
759,A
760,A
761,A
762,A
763,A
764,A
765,A
766,A
767,A
768,A
769,A
770,A
771,A
772,A
773,A
774,A
775,A
776,A
777,A
778,A
779,A
780,A
781,A
782,A
783,A
784,A
785,A
786,A
787,A
788,A
789,A
790,A
791,A
792,A
793,A
794,A
795,A
796,A
797,A
798,A
799,A
800,A
801,A
802,A
803,A
804,A
805,A
806,A
807,H
808,A
809,A
810,A
811,A
812,A
813,A
814,A
815,A
816,A
817,A
818,A
819,H
820,A
821,A
822,H
823,H
824,A
825,A
826,A
827,A
828,A
829,A
830,A
831,A
832,A
833,A
834,A
835,A
836,A
837,A
838,A
839,A
840,A
841,A
842,A
843,A
844,A
845,A
846,A
847,A
848,A
849,B
850,A
851,A
852,A
853,A
854,A
855,A
856,A
857,D
858,A
859,A
860,A
861,A
862,A
863,A
864,A
865,A
866,A
867,A
868,A
869,A
870,A
871,G
872,A
873,A
874,H
875,A
876,A
877,A
878,A
879,D
880,A
881,A
882,A
883,A
884,A
885,A
886,A
887,A
888,A
889,A
890,A
891,A
892,A
893,A
894,A
895,A
896,A
897,A
898,A
899,A
900,C
901,A
902,A
903,A
904,A
905,A
906,A
907,A
908,A
909,A
910,A
911,A
912,A
913,A
914,A
915,A
916,G
917,A
918,A
919,A
920,A
921,A
922,A
923,A
924,A
925,A
926,A
927,A
928,A
929,A
930,A
931,D
932,A
933,A
934,A
935,A
936,B
937,B
938,B
939,B
940,B
941,B
942,E
943,E
944,D
945,E
946,B
947,B
948,B
949,B
950,B
951,B
952,B
953,B
954,B
955,H
956,B
957,B
958,B
959,B
960,B
961,B
962,B
963,B
964,B
965,B
966,B
967,B
968,B
969,B
970,B
971,B
972,B
973,B
974,B
975,B
976,B
977,B
978,B
979,B
980,B
981,B
982,B
983,B
984,B
985,B
986,B
987,B
988,B
989,B
990,B
991,B
992,B
993,B
994,B
995,B
996,B
997,B
998,B
999,B
1000,B
1001,B
1002,B
1003,B
1004,B
1005,B
1006,B
1007,B
1008,B
1009,B
1010,B
1011,I
1012,B
1013,B
1014,B
1015,E
1016,B
1017,B
1018,B
1019,B
1020,B
1021,B
1022,B
1023,B
1024,B
1025,D
1026,B
1027,B
1028,B
1029,B
1030,B
1031,B
1032,B
1033,B
1034,B
1035,J
1036,B
1037,D
1038,B
1039,B
1040,B
1041,B
1042,B
1043,B
1044,B
1045,B
1046,B
1047,B
1048,B
1049,B
1050,B
1051,B
1052,B
1053,B
1054,B
1055,B
1056,B
1057,B
1058,B
1059,B
1060,B
1061,B
1062,B
1063,B
1064,B
1065,B
1066,B
1067,B
1068,B
1069,B
1070,B
1071,B
1072,B
1073,B
1074,B
1075,B
1076,B
1077,B
1078,B
1079,B
1080,H
1081,B
1082,B
1083,B
1084,B
1085,B
1086,B
1087,B
1088,B
1089,B
1090,B
1091,B
1092,B
1093,B
1094,B
1095,B
1096,B
1097,B
1098,B
1099,B
1100,B
1101,G
1102,B
1103,B
1104,B
1105,B
1106,B
1107,B
1108,B
1109,B
1110,B
1111,B
1112,B
1113,D
1114,B
1115,B
1116,D
1117,B
1118,B
1119,B
1120,B
1121,B
1122,B
1123,B
1124,B
1125,B
1126,B
1127,B
1128,B
1129,B
1130,B
1131,B
1132,B
1133,B
1134,B
1135,B
1136,B
1137,B
1138,B
1139,B
1140,B
1141,B
1142,E
1143,B
1144,B
1145,B
1146,B
1147,B
1148,B
1149,B
1150,B
1151,B
1152,B
1153,B
1154,B
1155,B
1156,B
1157,B
1158,B
1159,B
1160,B
1161,B
1162,B
1163,B
1164,B
1165,B
1166,B
1167,B
1168,B
1169,B
1170,B
1171,B
1172,B
1173,B
1174,B
1175,B
1176,B
1177,B
1178,B
1179,B
1180,B
1181,B
1182,B
1183,B
1184,B
1185,B
1186,B
1187,B
1188,H
1189,B
1190,B
1191,B
1192,B
1193,B
1194,B
1195,B
1196,E
1197,B
1198,B
1199,B
1200,B
1201,B
1202,B
1203,B
1204,B
1205,B
1206,B
1207,B
1208,B
1209,B
1210,H
1211,B
1212,B
1213,B
1214,B
1215,B
1216,B
1217,B
1218,B
1219,B
1220,B
1221,B
1222,B
1223,B
1224,B
1225,D
1226,B
1227,B
1228,B
1229,B
1230,B
1231,B
1232,B
1233,B
1234,B
1235,B
1236,B
1237,B
1238,B
1239,B
1240,B
1241,B
1242,B
1243,B
1244,B
1245,B
1246,B
1247,B
1248,B
1249,B
1250,B
1251,B
1252,B
1253,B
1254,B
1255,B
1256,B
1257,B
1258,B
1259,B
1260,B
1261,B
1262,B
1263,B
1264,B
1265,B
1266,B
1267,B
1268,B
1269,G
1270,B
1271,B
1272,B
1273,B
1274,B
1275,B
1276,B
1277,B
1278,B
1279,B
1280,B
1281,B
1282,B
1283,B
1284,B
1285,B
1286,B
1287,B
1288,B
1289,B
1290,B
1291,B
1292,B
1293,B
1294,B
1295,B
1296,B
1297,B
1298,B
1299,B
1300,B
1301,B
1302,B
1303,B
1304,B
1305,B
1306,B
1307,B
1308,B
1309,B
1310,B
1311,B
1312,B
1313,B
1314,B
1315,D
1316,B
1317,B
1318,B
1319,B
1320,B
1321,B
1322,B
1323,B
1324,B
1325,B
1326,B
1327,B
1328,B
1329,B
1330,B
1331,B
1332,I
1333,E
1334,B
1335,B
1336,B
1337,B
1338,B
1339,B
1340,B
1341,B
1342,B
1343,B
1344,B
1345,B
1346,B
1347,B
1348,B
1349,B
1350,B
1351,B
1352,G
1353,B
1354,B
1355,B
1356,B
1357,B
1358,B
1359,B
1360,B
1361,B
1362,B
1363,B
1364,B
1365,B
1366,B
1367,B
1368,B
1369,B
1370,B
1371,B
1372,B
1373,B
1374,I
1375,B
1376,B
1377,B
1378,B
1379,B
1380,B
1381,B
1382,B
1383,G
1384,B
1385,B
1386,B
1387,B
1388,B
1389,B
1390,B
1391,B
1392,B
1393,B
1394,B
1395,B
1396,B
1397,B
1398,B
1399,B
1400,B
1401,B
1402,B
1403,B
1404,H
1405,B
1406,B
1407,B
1408,B
1409,B
1410,B
1411,B
1412,B
1413,B
1414,B
1415,B
1416,B
1417,B
1418,B
1419,B
1420,B
1421,B
1422,B
1423,B
1424,B
1425,B
1426,B
1427,B
1428,B
1429,B
1430,B
1431,B
1432,B
1433,B
1434,B
1435,B
1436,B
1437,B
1438,B
1439,B
1440,B
1441,B
1442,B
1443,B
1444,B
1445,B
1446,B
1447,B
1448,B
1449,B
1450,B
1451,B
1452,B
1453,B
1454,B
1455,H
1456,B
1457,B
1458,B
1459,B
1460,B
1461,B
1462,B
1463,B
1464,B
1465,B
1466,B
1467,B
1468,B
1469,B
1470,B
1471,B
1472,B
1473,B
1474,B
1475,B
1476,B
1477,B
1478,B
1479,B
1480,B
1481,B
1482,B
1483,B
1484,B
1485,B
1486,B
1487,B
1488,B
1489,B
1490,B
1491,B
1492,B
1493,B
1494,B
1495,B
1496,B
1497,B
1498,B
1499,B
1500,B
1501,B
1502,B
1503,B
1504,B
1505,G
1506,B
1507,B
1508,B
1509,B
1510,B
1511,C
1512,B
1513,B
1514,B
1515,B
1516,B
1517,B
1518,B
1519,B
1520,B
1521,B
1522,B
1523,B
1524,B
1525,B
1526,B
1527,B
1528,B
1529,B
1530,B
1531,B
1532,B
1533,B
1534,B
1535,B
1536,B
1537,B
1538,B
1539,B
1540,B
1541,B
1542,B
1543,B
1544,B
1545,H
1546,B
1547,B
1548,B
1549,B
1550,B
1551,C
1552,B
1553,B
1554,B
1555,B
1556,H
1557,B
1558,B
1559,B
1560,B
1561,B
1562,B
1563,B
1564,B
1565,B
1566,B
1567,B
1568,B
1569,B
1570,B
1571,B
1572,B
1573,B
1574,D
1575,B
1576,B
1577,B
1578,B
1579,B
1580,B
1581,B
1582,B
1583,B
1584,B
1585,B
1586,B
1587,D
1588,B
1589,J
1590,B
1591,B
1592,B
1593,B
1594,B
1595,B
1596,B
1597,B
1598,B
1599,B
1600,B
1601,B
1602,B
1603,B
1604,B
1605,B
1606,B
1607,B
1608,I
1609,B
1610,B
1611,B
1612,B
1613,B
1614,B
1615,B
1616,B
1617,B
1618,B
1619,B
1620,B
1621,B
1622,B
1623,B
1624,B
1625,B
1626,B
1627,B
1628,B
1629,B
1630,B
1631,F
1632,B
1633,B
1634,B
1635,B
1636,B
1637,B
1638,B
1639,B
1640,B
1641,B
1642,B
1643,B
1644,B
1645,B
1646,B
1647,B
1648,B
1649,B
1650,B
1651,B
1652,B
1653,B
1654,B
1655,B
1656,B
1657,B
1658,B
1659,B
1660,B
1661,B
1662,B
1663,B
1664,B
1665,B
1666,B
1667,B
1668,B
1669,B
1670,B
1671,B
1672,B
1673,B
1674,B
1675,F
1676,B
1677,B
1678,B
1679,B
1680,B
1681,B
1682,B
1683,B
1684,B
1685,B
1686,B
1687,B
1688,B
1689,E
1690,E
1691,B
1692,B
1693,B
1694,B
1695,B
1696,B
1697,B
1698,B
1699,B
1700,B
1701,B
1702,B
1703,D
1704,B
1705,B
1706,B
1707,B
1708,B
1709,B
1710,B
1711,B
1712,B
1713,B
1714,B
1715,B
1716,B
1717,B
1718,B
1719,B
1720,B
1721,B
1722,B
1723,B
1724,B
1725,B
1726,B
1727,B
1728,B
1729,B
1730,B
1731,B
1732,B
1733,B
1734,B
1735,B
1736,B
1737,B
1738,B
1739,B
1740,B
1741,B
1742,B
1743,B
1744,B
1745,B
1746,B
1747,B
1748,B
1749,B
1750,B
1751,B
1752,B
1753,B
1754,B
1755,B
1756,B
1757,B
1758,B
1759,B
1760,B
1761,B
1762,B
1763,B
1764,B
1765,B
1766,B
1767,B
1768,B
1769,B
1770,B
1771,B
1772,B
1773,B
1774,B
1775,B
1776,B
1777,B
1778,B
1779,B
1780,B
1781,B
1782,B
1783,B
1784,B
1785,B
1786,B
1787,B
1788,B
1789,B
1790,B
1791,B
1792,B
1793,B
1794,B
1795,B
1796,B
1797,B
1798,B
1799,B
1800,B
1801,B
1802,B
1803,B
1804,B
1805,B
1806,B
1807,B
1808,B
1809,A
1810,D
1811,B
1812,B
1813,B
1814,B
1815,B
1816,B
1817,J
1818,B
1819,G
1820,B
1821,B
1822,B
1823,B
1824,B
1825,B
1826,B
1827,B
1828,B
1829,B
1830,D
1831,B
1832,H
1833,B
1834,B
1835,B
1836,B
1837,B
1838,B
1839,B
1840,B
1841,B
1842,B
1843,B
1844,B
1845,B
1846,I
1847,B
1848,B
1849,B
1850,B
1851,B
1852,B
1853,B
1854,B
1855,B
1856,B
1857,B
1858,B
1859,B
1860,B
1861,B
1862,B
1863,B
1864,B
1865,B
1866,B
1867,B
1868,B
1869,B
1870,B
1871,B
1872,B
1873,C
1874,C
1875,C
1876,C
1877,C
1878,C
1879,E
1880,C
1881,C
1882,C
1883,C
1884,C
1885,C
1886,C
1887,C
1888,C
1889,C
1890,C
1891,C
1892,C
1893,C
1894,F
1895,C
1896,C
1897,C
1898,C
1899,C
1900,C
1901,C
1902,C
1903,C
1904,C
1905,C
1906,C
1907,C
1908,C
1909,C
1910,C
1911,C
1912,C
1913,C
1914,C
1915,C
1916,C
1917,C
1918,C
1919,C
1920,C
1921,C
1922,C
1923,C
1924,E
1925,C
1926,C
1927,C
1928,C
1929,C
1930,C
1931,C
1932,C
1933,C
1934,C
1935,C
1936,C
1937,C
1938,C
1939,C
1940,C
1941,C
1942,C
1943,E
1944,C
1945,C
1946,C
1947,C
1948,C
1949,C
1950,C
1951,C
1952,C
1953,C
1954,C
1955,C
1956,C
1957,C
1958,C
1959,C
1960,C
1961,E
1962,C
1963,C
1964,C
1965,C
1966,C
1967,C
1968,C
1969,C
1970,C
1971,C
1972,C
1973,C
1974,C
1975,G
1976,C
1977,C
1978,C
1979,C
1980,C
1981,C
1982,C
1983,C
1984,C
1985,C
1986,C
1987,C
1988,C
1989,C
1990,C
1991,C
1992,C
1993,C
1994,C
1995,C
1996,C
1997,C
1998,C
1999,C
2000,C
2001,C
2002,C
2003,C
2004,C
2005,C
2006,C
2007,C
2008,C
2009,C
2010,C
2011,C
2012,C
2013,G
2014,C
2015,C
2016,C
2017,C
2018,I
2019,E
2020,C
2021,C
2022,C
2023,C
2024,C
2025,C
2026,C
2027,C
2028,C
2029,C
2030,C
2031,C
2032,C
2033,C
2034,C
2035,C
2036,C
2037,C
2038,C
2039,C
2040,C
2041,C
2042,C
2043,C
2044,C
2045,C
2046,C
2047,C
2048,C
2049,C
2050,C
2051,C
2052,C
2053,G
2054,C
2055,C
2056,G
2057,C
2058,C
2059,C
2060,C
2061,C
2062,C
2063,C
2064,C
2065,C
2066,C
2067,C
2068,C
2069,C
2070,C
2071,C
2072,C
2073,C
2074,C
2075,C
2076,C
2077,C
2078,C
2079,C
2080,C
2081,C
2082,C
2083,C
2084,C
2085,C
2086,C
2087,C
2088,C
2089,C
2090,C
2091,C
2092,C
2093,C
2094,C
2095,C
2096,C
2097,C
2098,C
2099,C
2100,C
2101,C
2102,C
2103,C
2104,C
2105,C
2106,C
2107,C
2108,C
2109,C
2110,C
2111,C
2112,C
2113,C
2114,C
2115,C
2116,C
2117,C
2118,C
2119,C
2120,C
2121,B
2122,G
2123,C
2124,C
2125,C
2126,C
2127,C
2128,C
2129,C
2130,C
2131,C
2132,C
2133,C
2134,C
2135,C
2136,C
2137,C
2138,C
2139,C
2140,C
2141,C
2142,F
2143,C
2144,C
2145,C
2146,E
2147,C
2148,C
2149,C
2150,C
2151,C
2152,C
2153,C
2154,C
2155,C
2156,C
2157,C
2158,C
2159,C
2160,C
2161,G
2162,C
2163,C
2164,C
2165,C
2166,C
2167,C
2168,E
2169,C
2170,C
2171,C
2172,C
2173,C
2174,C
2175,C
2176,C
2177,C
2178,C
2179,C
2180,C
2181,C
2182,C
2183,C
2184,C
2185,C
2186,C
2187,C
2188,C
2189,C
2190,C
2191,C
2192,C
2193,C
2194,C
2195,C
2196,C
2197,I
2198,C
2199,C
2200,C
2201,C
2202,C
2203,C
2204,C
2205,C
2206,C
2207,C
2208,C
2209,C
2210,C
2211,C
2212,C
2213,E
2214,C
2215,H
2216,C
2217,C
2218,C
2219,C
2220,C
2221,C
2222,C
2223,C
2224,C
2225,C
2226,C
2227,C
2228,C
2229,C
2230,C
2231,C
2232,C
2233,C
2234,C
2235,C
2236,C
2237,C
2238,C
2239,C
2240,C
2241,C
2242,C
2243,G
2244,C
2245,C
2246,C
2247,C
2248,C
2249,C
2250,C
2251,E
2252,C
2253,C
2254,C
2255,C
2256,C
2257,C
2258,C
2259,C
2260,C
2261,C
2262,E
2263,C
2264,C
2265,G
2266,C
2267,C
2268,C
2269,C
2270,C
2271,C
2272,C
2273,C
2274,C
2275,C
2276,C
2277,C
2278,C
2279,C
2280,C
2281,C
2282,I
2283,C
2284,C
2285,C
2286,C
2287,C
2288,C
2289,C
2290,C
2291,C
2292,C
2293,C
2294,C
2295,C
2296,I
2297,C
2298,C
2299,C
2300,C
2301,C
2302,C
2303,C
2304,C
2305,C
2306,C
2307,C
2308,C
2309,C
2310,C
2311,C
2312,C
2313,C
2314,C
2315,C
2316,C
2317,C
2318,C
2319,C
2320,C
2321,C
2322,C
2323,C
2324,C
2325,C
2326,C
2327,C
2328,C
2329,C
2330,C
2331,C
2332,C
2333,C
2334,C
2335,C
2336,C
2337,C
2338,C
2339,C
2340,G
2341,C
2342,C
2343,C
2344,C
2345,C
2346,C
2347,C
2348,C
2349,C
2350,C
2351,C
2352,C
2353,C
2354,C
2355,C
2356,C
2357,G
2358,C
2359,C
2360,C
2361,C
2362,C
2363,C
2364,C
2365,C
2366,C
2367,C
2368,C
2369,C
2370,C
2371,C
2372,C
2373,C
2374,C
2375,C
2376,C
2377,C
2378,C
2379,C
2380,C
2381,C
2382,C
2383,C
2384,C
2385,C
2386,C
2387,C
2388,C
2389,C
2390,C
2391,C
2392,C
2393,G
2394,C
2395,C
2396,C
2397,C
2398,C
2399,C
2400,C
2401,C
2402,C
2403,C
2404,C
2405,C
2406,C
2407,C
2408,C
2409,C
2410,C
2411,C
2412,C
2413,C
2414,C
2415,C
2416,C
2417,C
2418,C
2419,G
2420,C
2421,C
2422,C
2423,C
2424,C
2425,C
2426,C
2427,C
2428,C
2429,C
2430,C
2431,C
2432,C
2433,C
2434,C
2435,C
2436,C
2437,C
2438,C
2439,C
2440,C
2441,C
2442,C
2443,G
2444,C
2445,C
2446,C
2447,C
2448,C
2449,C
2450,C
2451,C
2452,E
2453,C
2454,C
2455,C
2456,C
2457,I
2458,C
2459,C
2460,C
2461,C
2462,C
2463,C
2464,C
2465,C
2466,C
2467,C
2468,C
2469,C
2470,C
2471,C
2472,C
2473,C
2474,C
2475,C
2476,C
2477,C
2478,E
2479,C
2480,C
2481,C
2482,C
2483,C
2484,C
2485,C
2486,G
2487,C
2488,C
2489,C
2490,C
2491,I
2492,I
2493,C
2494,C
2495,C
2496,C
2497,C
2498,G
2499,C
2500,C
2501,C
2502,C
2503,C
2504,C
2505,C
2506,C
2507,C
2508,C
2509,C
2510,C
2511,C
2512,C
2513,C
2514,G
2515,C
2516,C
2517,C
2518,C
2519,C
2520,C
2521,C
2522,C
2523,C
2524,C
2525,C
2526,C
2527,E
2528,C
2529,C
2530,C
2531,C
2532,C
2533,C
2534,C
2535,C
2536,C
2537,C
2538,C
2539,C
2540,C
2541,C
2542,C
2543,C
2544,C
2545,C
2546,C
2547,C
2548,C
2549,C
2550,C
2551,C
2552,C
2553,C
2554,C
2555,C
2556,C
2557,C
2558,C
2559,C
2560,E
2561,C
2562,C
2563,C
2564,G
2565,C
2566,C
2567,C
2568,C
2569,C
2570,C
2571,C
2572,C
2573,C
2574,C
2575,C
2576,C
2577,C
2578,C
2579,C
2580,C
2581,C
2582,C
2583,C
2584,C
2585,C
2586,C
2587,C
2588,C
2589,C
2590,C
2591,C
2592,C
2593,C
2594,C
2595,C
2596,C
2597,C
2598,C
2599,C
2600,C
2601,C
2602,C
2603,C
2604,C
2605,C
2606,C
2607,C
2608,C
2609,C
2610,C
2611,C
2612,C
2613,C
2614,C
2615,G
2616,C
2617,C
2618,C
2619,C
2620,C
2621,C
2622,C
2623,C
2624,C
2625,C
2626,C
2627,C
2628,C
2629,C
2630,C
2631,C
2632,C
2633,C
2634,C
2635,C
2636,C
2637,I
2638,I
2639,C
2640,C
2641,C
2642,C
2643,C
2644,C
2645,C
2646,C
2647,C
2648,C
2649,C
2650,C
2651,C
2652,C
2653,C
2654,C
2655,C
2656,C
2657,C
2658,C
2659,C
2660,C
2661,C
2662,C
2663,C
2664,C
2665,C
2666,C
2667,C
2668,C
2669,C
2670,C
2671,C
2672,C
2673,C
2674,C
2675,C
2676,C
2677,C
2678,C
2679,C
2680,C
2681,C
2682,C
2683,C
2684,C
2685,C
2686,D
2687,C
2688,C
2689,C
2690,C
2691,C
2692,C
2693,C
2694,C
2695,C
2696,C
2697,C
2698,I
2699,C
2700,C
2701,C
2702,C
2703,C
2704,G
2705,C
2706,C
2707,C
2708,C
2709,C
2710,C
2711,C
2712,C
2713,C
2714,C
2715,C
2716,C
2717,C
2718,C
2719,C
2720,G
2721,C
2722,C
2723,C
2724,C
2725,C
2726,C
2727,C
2728,C
2729,C
2730,C
2731,C
2732,C
2733,C
2734,C
2735,C
2736,C
2737,C
2738,C
2739,C
2740,C
2741,C
2742,C
2743,C
2744,C
2745,E
2746,C
2747,C
2748,C
2749,C
2750,E
2751,C
2752,C
2753,C
2754,C
2755,C
2756,C
2757,C
2758,C
2759,G
2760,G
2761,C
2762,C
2763,C
2764,C
2765,C
2766,C
2767,C
2768,C
2769,C
2770,C
2771,C
2772,C
2773,C
2774,C
2775,C
2776,C
2777,C
2778,C
2779,C
2780,C
2781,C
2782,C
2783,C
2784,C
2785,C
2786,C
2787,C
2788,C
2789,C
2790,G
2791,C
2792,C
2793,C
2794,C
2795,C
2796,C
2797,C
2798,C
2799,C
2800,C
2801,C
2802,C
2803,C
2804,C
2805,C
2806,C
2807,G
2808,C
2809,C
2810,D
2811,D
2812,D
2813,D
2814,D
2815,H
2816,D
2817,D
2818,D
2819,D
2820,D
2821,D
2822,D
2823,D
2824,D
2825,D
2826,D
2827,D
2828,D
2829,D
2830,D
2831,D
2832,D
2833,D
2834,D
2835,D
2836,D
2837,D
2838,D
2839,D
2840,D
2841,D
2842,D
2843,D
2844,D
2845,D
2846,D
2847,D
2848,D
2849,D
2850,D
2851,D
2852,D
2853,D
2854,D
2855,D
2856,D
2857,D
2858,D
2859,D
2860,D
2861,D
2862,D
2863,D
2864,D
2865,D
2866,D
2867,D
2868,D
2869,D
2870,D
2871,D
2872,D
2873,D
2874,D
2875,D
2876,D
2877,D
2878,D
2879,G
2880,D
2881,D
2882,D
2883,D
2884,D
2885,D
2886,D
2887,D
2888,D
2889,D
2890,B
2891,D
2892,D
2893,D
2894,D
2895,D
2896,D
2897,D
2898,D
2899,D
2900,D
2901,D
2902,D
2903,D
2904,B
2905,D
2906,D
2907,D
2908,D
2909,D
2910,D
2911,D
2912,D
2913,D
2914,D
2915,D
2916,D
2917,D
2918,D
2919,D
2920,D
2921,D
2922,I
2923,D
2924,D
2925,B
2926,D
2927,D
2928,D
2929,D
2930,D
2931,D
2932,D
2933,D
2934,D
2935,D
2936,D
2937,D
2938,D
2939,D
2940,D
2941,D
2942,D
2943,D
2944,D
2945,D
2946,D
2947,D
2948,D
2949,D
2950,D
2951,D
2952,D
2953,D
2954,D
2955,G
2956,D
2957,D
2958,D
2959,D
2960,D
2961,D
2962,D
2963,D
2964,D
2965,D
2966,D
2967,D
2968,D
2969,D
2970,D
2971,D
2972,D
2973,D
2974,D
2975,D
2976,D
2977,D
2978,D
2979,D
2980,D
2981,D
2982,D
2983,D
2984,D
2985,D
2986,D
2987,D
2988,D
2989,D
2990,D
2991,D
2992,D
2993,D
2994,D
2995,D
2996,D
2997,D
2998,D
2999,D
3000,D
3001,D
3002,D
3003,D
3004,D
3005,D
3006,D
3007,D
3008,D
3009,D
3010,D
3011,D
3012,D
3013,D
3014,D
3015,D
3016,D
3017,D
3018,D
3019,D
3020,D
3021,D
3022,D
3023,D
3024,D
3025,D
3026,D
3027,D
3028,D
3029,D
3030,D
3031,D
3032,D
3033,D
3034,D
3035,D
3036,D
3037,D
3038,D
3039,D
3040,D
3041,D
3042,D
3043,D
3044,D
3045,D
3046,D
3047,D
3048,D
3049,D
3050,D
3051,D
3052,D
3053,D
3054,D
3055,D
3056,D
3057,D
3058,D
3059,D
3060,D
3061,D
3062,D
3063,D
3064,D
3065,D
3066,D
3067,D
3068,D
3069,D
3070,D
3071,D
3072,D
3073,D
3074,J
3075,D
3076,D
3077,D
3078,D
3079,D
3080,D
3081,D
3082,D
3083,D
3084,D
3085,D
3086,D
3087,D
3088,D
3089,D
3090,D
3091,D
3092,D
3093,D
3094,D
3095,D
3096,D
3097,D
3098,D
3099,D
3100,D
3101,D
3102,D
3103,D
3104,A
3105,D
3106,D
3107,G
3108,D
3109,D
3110,D
3111,D
3112,D
3113,D
3114,D
3115,D
3116,D
3117,D
3118,D
3119,D
3120,D
3121,D
3122,D
3123,D
3124,D
3125,D
3126,D
3127,D
3128,D
3129,D
3130,D
3131,D
3132,D
3133,D
3134,D
3135,D
3136,D
3137,D
3138,D
3139,D
3140,D
3141,D
3142,D
3143,D
3144,B
3145,J
3146,D
3147,D
3148,D
3149,D
3150,D
3151,D
3152,B
3153,D
3154,D
3155,D
3156,D
3157,D
3158,D
3159,D
3160,D
3161,D
3162,D
3163,D
3164,D
3165,D
3166,D
3167,D
3168,D
3169,D
3170,D
3171,D
3172,D
3173,D
3174,D
3175,D
3176,D
3177,D
3178,D
3179,D
3180,D
3181,D
3182,D
3183,D
3184,D
3185,D
3186,D
3187,D
3188,D
3189,D
3190,D
3191,D
3192,D
3193,D
3194,D
3195,D
3196,D
3197,B
3198,D
3199,D
3200,D
3201,D
3202,D
3203,D
3204,D
3205,D
3206,D
3207,D
3208,I
3209,D
3210,D
3211,D
3212,D
3213,D
3214,D
3215,D
3216,D
3217,D
3218,D
3219,D
3220,D
3221,D
3222,D
3223,D
3224,D
3225,D
3226,D
3227,D
3228,D
3229,D
3230,D
3231,D
3232,D
3233,D
3234,D
3235,D
3236,D
3237,D
3238,D
3239,D
3240,D
3241,D
3242,D
3243,D
3244,D
3245,D
3246,D
3247,D
3248,D
3249,D
3250,J
3251,D
3252,D
3253,D
3254,D
3255,D
3256,D
3257,D
3258,D
3259,D
3260,D
3261,D
3262,D
3263,D
3264,D
3265,D
3266,A
3267,G
3268,D
3269,D
3270,D
3271,D
3272,D
3273,D
3274,D
3275,D
3276,D
3277,D
3278,D
3279,D
3280,D
3281,D
3282,D
3283,D
3284,D
3285,D
3286,D
3287,D
3288,D
3289,B
3290,D
3291,D
3292,D
3293,D
3294,D
3295,D
3296,D
3297,D
3298,D
3299,D
3300,D
3301,D
3302,D
3303,D
3304,D
3305,D
3306,D
3307,D
3308,D
3309,D
3310,D
3311,D
3312,D
3313,D
3314,D
3315,D
3316,D
3317,D
3318,D
3319,D
3320,D
3321,D
3322,D
3323,D
3324,D
3325,D
3326,D
3327,D
3328,D
3329,D
3330,D
3331,D
3332,D
3333,D
3334,D
3335,D
3336,D
3337,D
3338,D
3339,D
3340,D
3341,D
3342,D
3343,D
3344,D
3345,D
3346,D
3347,D
3348,D
3349,D
3350,D
3351,D
3352,D
3353,D
3354,D
3355,D
3356,D
3357,I
3358,D
3359,D
3360,D
3361,D
3362,D
3363,D
3364,D
3365,D
3366,D
3367,I
3368,D
3369,D
3370,D
3371,D
3372,D
3373,D
3374,D
3375,D
3376,D
3377,D
3378,D
3379,D
3380,A
3381,A
3382,D
3383,D
3384,D
3385,D
3386,D
3387,D
3388,D
3389,I
3390,D
3391,D
3392,D
3393,D
3394,D
3395,D
3396,D
3397,D
3398,D
3399,D
3400,D
3401,B
3402,D
3403,D
3404,C
3405,D
3406,D
3407,D
3408,D
3409,D
3410,D
3411,D
3412,D
3413,D
3414,D
3415,D
3416,D
3417,D
3418,D
3419,D
3420,D
3421,D
3422,D
3423,D
3424,D
3425,D
3426,D
3427,D
3428,D
3429,D
3430,D
3431,D
3432,D
3433,D
3434,D
3435,D
3436,D
3437,D
3438,D
3439,D
3440,D
3441,D
3442,D
3443,F
3444,B
3445,D
3446,D
3447,D
3448,D
3449,D
3450,D
3451,D
3452,D
3453,D
3454,D
3455,D
3456,D
3457,I
3458,D
3459,D
3460,D
3461,D
3462,D
3463,D
3464,D
3465,D
3466,D
3467,D
3468,D
3469,D
3470,D
3471,D
3472,D
3473,D
3474,D
3475,D
3476,D
3477,D
3478,A
3479,D
3480,D
3481,D
3482,D
3483,D
3484,D
3485,D
3486,D
3487,B
3488,A
3489,D
3490,D
3491,D
3492,D
3493,D
3494,D
3495,D
3496,D
3497,D
3498,D
3499,D
3500,D
3501,D
3502,D
3503,D
3504,D
3505,D
3506,D
3507,D
3508,D
3509,D
3510,D
3511,D
3512,D
3513,D
3514,B
3515,D
3516,D
3517,D
3518,D
3519,D
3520,D
3521,D
3522,D
3523,D
3524,D
3525,D
3526,D
3527,D
3528,B
3529,D
3530,D
3531,D
3532,D
3533,D
3534,D
3535,D
3536,I
3537,I
3538,D
3539,D
3540,D
3541,D
3542,D
3543,D
3544,D
3545,D
3546,D
3547,D
3548,D
3549,D
3550,D
3551,D
3552,D
3553,D
3554,D
3555,D
3556,D
3557,D
3558,D
3559,D
3560,D
3561,D
3562,D
3563,D
3564,D
3565,D
3566,D
3567,D
3568,D
3569,D
3570,D
3571,D
3572,D
3573,D
3574,D
3575,D
3576,D
3577,D
3578,D
3579,D
3580,D
3581,J
3582,J
3583,D
3584,D
3585,D
3586,D
3587,D
3588,D
3589,D
3590,D
3591,D
3592,D
3593,D
3594,D
3595,D
3596,D
3597,D
3598,D
3599,D
3600,D
3601,D
3602,D
3603,D
3604,D
3605,D
3606,D
3607,D
3608,D
3609,D
3610,D
3611,D
3612,D
3613,D
3614,D
3615,D
3616,D
3617,D
3618,D
3619,D
3620,D
3621,D
3622,D
3623,D
3624,D
3625,D
3626,D
3627,D
3628,D
3629,D
3630,D
3631,D
3632,D
3633,D
3634,D
3635,D
3636,D
3637,D
3638,D
3639,D
3640,D
3641,D
3642,D
3643,D
3644,D
3645,D
3646,D
3647,D
3648,D
3649,D
3650,D
3651,D
3652,D
3653,D
3654,D
3655,D
3656,D
3657,D
3658,D
3659,D
3660,D
3661,D
3662,D
3663,D
3664,D
3665,D
3666,D
3667,D
3668,D
3669,D
3670,D
3671,D
3672,D
3673,D
3674,D
3675,D
3676,D
3677,D
3678,D
3679,D
3680,D
3681,D
3682,D
3683,D
3684,D
3685,D
3686,D
3687,D
3688,D
3689,D
3690,D
3691,B
3692,J
3693,D
3694,B
3695,G
3696,D
3697,D
3698,D
3699,H
3700,D
3701,D
3702,D
3703,D
3704,J
3705,D
3706,D
3707,D
3708,D
3709,D
3710,D
3711,D
3712,D
3713,D
3714,D
3715,D
3716,D
3717,D
3718,D
3719,J
3720,D
3721,D
3722,D
3723,D
3724,D
3725,D
3726,D
3727,D
3728,D
3729,G
3730,D
3731,D
3732,D
3733,D
3734,D
3735,D
3736,D
3737,D
3738,D
3739,D
3740,D
3741,D
3742,D
3743,D
3744,D
3745,D
3746,D
3747,E
3748,E
3749,E
3750,D
3751,E
3752,E
3753,E
3754,E
3755,E
3756,D
3757,E
3758,E
3759,E
3760,E
3761,E
3762,E
3763,E
3764,E
3765,E
3766,E
3767,E
3768,E
3769,E
3770,E
3771,E
3772,E
3773,F
3774,E
3775,E
3776,E
3777,E
3778,E
3779,E
3780,E
3781,E
3782,E
3783,E
3784,E
3785,E
3786,E
3787,E
3788,E
3789,E
3790,E
3791,E
3792,E
3793,E
3794,E
3795,E
3796,E
3797,E
3798,E
3799,E
3800,E
3801,E
3802,E
3803,E
3804,E
3805,E
3806,E
3807,E
3808,E
3809,E
3810,E
3811,E
3812,E
3813,E
3814,E
3815,E
3816,E
3817,E
3818,E
3819,E
3820,E
3821,E
3822,E
3823,E
3824,E
3825,E
3826,E
3827,E
3828,E
3829,E
3830,E
3831,E
3832,E
3833,E
3834,E
3835,E
3836,E
3837,E
3838,E
3839,E
3840,E
3841,E
3842,E
3843,E
3844,E
3845,E
3846,E
3847,E
3848,E
3849,E
3850,D
3851,E
3852,E
3853,E
3854,E
3855,E
3856,E
3857,E
3858,E
3859,E
3860,E
3861,E
3862,E
3863,E
3864,E
3865,E
3866,E
3867,E
3868,E
3869,E
3870,E
3871,E
3872,E
3873,E
3874,E
3875,E
3876,E
3877,E
3878,E
3879,E
3880,E
3881,E
3882,E
3883,E
3884,E
3885,E
3886,E
3887,E
3888,E
3889,E
3890,E
3891,E
3892,E
3893,E
3894,E
3895,E
3896,E
3897,E
3898,E
3899,E
3900,E
3901,E
3902,E
3903,E
3904,E
3905,E
3906,E
3907,E
3908,E
3909,E
3910,E
3911,E
3912,E
3913,E
3914,E
3915,E
3916,E
3917,E
3918,E
3919,E
3920,E
3921,E
3922,I
3923,E
3924,E
3925,E
3926,E
3927,E
3928,E
3929,E
3930,E
3931,E
3932,E
3933,E
3934,E
3935,E
3936,E
3937,E
3938,E
3939,E
3940,E
3941,E
3942,E
3943,E
3944,E
3945,E
3946,E
3947,E
3948,E
3949,E
3950,E
3951,E
3952,E
3953,E
3954,E
3955,E
3956,E
3957,C
3958,E
3959,E
3960,E
3961,E
3962,E
3963,E
3964,E
3965,E
3966,E
3967,E
3968,E
3969,E
3970,E
3971,E
3972,E
3973,E
3974,E
3975,E
3976,E
3977,E
3978,E
3979,E
3980,E
3981,E
3982,E
3983,E
3984,E
3985,E
3986,E
3987,E
3988,E
3989,E
3990,E
3991,E
3992,E
3993,E
3994,E
3995,E
3996,E
3997,E
3998,E
3999,E
4000,E
4001,E
4002,E
4003,E
4004,F
4005,E
4006,E
4007,E
4008,E
4009,E
4010,E
4011,B
4012,E
4013,E
4014,E
4015,E
4016,E
4017,E
4018,E
4019,E
4020,E
4021,E
4022,E
4023,E
4024,E
4025,E
4026,E
4027,E
4028,E
4029,E
4030,E
4031,E
4032,B
4033,E
4034,E
4035,E
4036,E
4037,E
4038,E
4039,E
4040,E
4041,E
4042,E
4043,B
4044,E
4045,E
4046,E
4047,E
4048,E
4049,E
4050,E
4051,E
4052,E
4053,E
4054,E
4055,E
4056,E
4057,E
4058,E
4059,E
4060,E
4061,E
4062,E
4063,E
4064,E
4065,E
4066,E
4067,E
4068,E
4069,I
4070,E
4071,E
4072,E
4073,E
4074,E
4075,E
4076,E
4077,E
4078,E
4079,E
4080,E
4081,E
4082,E
4083,E
4084,E
4085,E
4086,E
4087,E
4088,E
4089,E
4090,E
4091,E
4092,E
4093,E
4094,E
4095,E
4096,E
4097,E
4098,E
4099,E
4100,E
4101,B
4102,E
4103,E
4104,E
4105,E
4106,E
4107,E
4108,E
4109,E
4110,E
4111,E
4112,E
4113,E
4114,E
4115,E
4116,E
4117,E
4118,E
4119,E
4120,E
4121,E
4122,E
4123,E
4124,E
4125,E
4126,E
4127,E
4128,E
4129,E
4130,E
4131,E
4132,E
4133,E
4134,G
4135,E
4136,E
4137,E
4138,E
4139,E
4140,E
4141,E
4142,E
4143,E
4144,E
4145,E
4146,E
4147,E
4148,E
4149,E
4150,E
4151,E
4152,E
4153,E
4154,E
4155,E
4156,E
4157,E
4158,E
4159,E
4160,E
4161,E
4162,E
4163,E
4164,E
4165,E
4166,E
4167,E
4168,E
4169,E
4170,E
4171,B
4172,E
4173,E
4174,E
4175,C
4176,E
4177,E
4178,E
4179,E
4180,E
4181,E
4182,E
4183,C
4184,E
4185,E
4186,B
4187,E
4188,E
4189,E
4190,E
4191,E
4192,E
4193,E
4194,E
4195,E
4196,E
4197,E
4198,E
4199,E
4200,E
4201,C
4202,E
4203,E
4204,E
4205,E
4206,E
4207,E
4208,E
4209,E
4210,E
4211,E
4212,E
4213,E
4214,E
4215,E
4216,E
4217,E
4218,E
4219,E
4220,E
4221,E
4222,E
4223,D
4224,E
4225,E
4226,E
4227,E
4228,E
4229,E
4230,E
4231,E
4232,E
4233,E
4234,E
4235,E
4236,F
4237,E
4238,E
4239,E
4240,F
4241,E
4242,E
4243,E
4244,E
4245,E
4246,E
4247,E
4248,E
4249,E
4250,E
4251,E
4252,E
4253,E
4254,E
4255,E
4256,E
4257,E
4258,E
4259,E
4260,E
4261,E
4262,E
4263,E
4264,G
4265,E
4266,E
4267,E
4268,E
4269,E
4270,E
4271,E
4272,E
4273,E
4274,E
4275,E
4276,E
4277,E
4278,E
4279,E
4280,E
4281,E
4282,E
4283,E
4284,E
4285,E
4286,E
4287,E
4288,E
4289,E
4290,E
4291,B
4292,E
4293,E
4294,E
4295,E
4296,E
4297,E
4298,E
4299,E
4300,E
4301,E
4302,E
4303,E
4304,E
4305,E
4306,E
4307,E
4308,E
4309,E
4310,E
4311,E
4312,E
4313,G
4314,E
4315,E
4316,E
4317,E
4318,E
4319,E
4320,E
4321,E
4322,E
4323,E
4324,E
4325,E
4326,E
4327,E
4328,E
4329,E
4330,E
4331,E
4332,E
4333,E
4334,E
4335,E
4336,E
4337,E
4338,E
4339,E
4340,E
4341,E
4342,F
4343,E
4344,E
4345,E
4346,E
4347,E
4348,E
4349,E
4350,E
4351,E
4352,E
4353,E
4354,E
4355,E
4356,E
4357,E
4358,E
4359,E
4360,E
4361,E
4362,E
4363,E
4364,E
4365,E
4366,E
4367,E
4368,E
4369,E
4370,E
4371,E
4372,E
4373,E
4374,E
4375,E
4376,E
4377,E
4378,E
4379,E
4380,E
4381,E
4382,E
4383,E
4384,E
4385,E
4386,E
4387,E
4388,E
4389,E
4390,E
4391,E
4392,E
4393,E
4394,E
4395,E
4396,E
4397,E
4398,F
4399,E
4400,E
4401,E
4402,E
4403,E
4404,E
4405,E
4406,E
4407,E
4408,E
4409,E
4410,E
4411,E
4412,E
4413,E
4414,E
4415,F
4416,E
4417,E
4418,F
4419,E
4420,E
4421,E
4422,E
4423,E
4424,E
4425,E
4426,E
4427,E
4428,E
4429,E
4430,E
4431,E
4432,E
4433,E
4434,E
4435,E
4436,E
4437,E
4438,E
4439,E
4440,E
4441,E
4442,E
4443,E
4444,E
4445,E
4446,E
4447,E
4448,E
4449,F
4450,E
4451,E
4452,E
4453,E
4454,E
4455,E
4456,E
4457,E
4458,E
4459,E
4460,E
4461,E
4462,E
4463,E
4464,E
4465,E
4466,E
4467,E
4468,E
4469,E
4470,E
4471,E
4472,E
4473,E
4474,C
4475,E
4476,E
4477,E
4478,E
4479,E
4480,E
4481,E
4482,E
4483,E
4484,E
4485,E
4486,E
4487,E
4488,E
4489,E
4490,E
4491,E
4492,E
4493,D
4494,E
4495,E
4496,E
4497,E
4498,E
4499,E
4500,E
4501,E
4502,E
4503,E
4504,E
4505,E
4506,E
4507,E
4508,E
4509,E
4510,E
4511,E
4512,E
4513,E
4514,E
4515,E
4516,E
4517,E
4518,E
4519,I
4520,E
4521,E
4522,E
4523,E
4524,E
4525,E
4526,E
4527,E
4528,E
4529,E
4530,E
4531,E
4532,E
4533,E
4534,E
4535,E
4536,E
4537,E
4538,E
4539,E
4540,E
4541,E
4542,E
4543,E
4544,E
4545,E
4546,E
4547,E
4548,E
4549,E
4550,E
4551,E
4552,E
4553,E
4554,E
4555,E
4556,E
4557,E
4558,E
4559,E
4560,E
4561,E
4562,C
4563,E
4564,E
4565,E
4566,E
4567,E
4568,E
4569,E
4570,E
4571,E
4572,E
4573,E
4574,E
4575,E
4576,E
4577,E
4578,E
4579,E
4580,E
4581,E
4582,I
4583,E
4584,E
4585,E
4586,E
4587,E
4588,E
4589,E
4590,E
4591,E
4592,E
4593,E
4594,E
4595,E
4596,E
4597,E
4598,G
4599,E
4600,E
4601,E
4602,E
4603,E
4604,E
4605,E
4606,E
4607,E
4608,E
4609,E
4610,E
4611,E
4612,E
4613,E
4614,E
4615,E
4616,E
4617,E
4618,E
4619,E
4620,B
4621,E
4622,E
4623,E
4624,E
4625,E
4626,F
4627,E
4628,E
4629,E
4630,E
4631,E
4632,D
4633,E
4634,E
4635,E
4636,G
4637,E
4638,E
4639,E
4640,E
4641,E
4642,E
4643,E
4644,E
4645,E
4646,E
4647,E
4648,E
4649,I
4650,E
4651,E
4652,E
4653,E
4654,E
4655,E
4656,E
4657,E
4658,E
4659,E
4660,E
4661,E
4662,E
4663,B
4664,E
4665,E
4666,G
4667,E
4668,E
4669,E
4670,E
4671,E
4672,E
4673,E
4674,E
4675,E
4676,E
4677,E
4678,E
4679,E
4680,C
4681,E
4682,E
4683,E
4684,F
4685,F
4686,D
4687,F
4688,F
4689,E
4690,F
4691,F
4692,F
4693,D
4694,F
4695,F
4696,F
4697,F
4698,F
4699,C
4700,F
4701,F
4702,F
4703,F
4704,F
4705,F
4706,F
4707,F
4708,I
4709,F
4710,F
4711,F
4712,F
4713,F
4714,F
4715,F
4716,F
4717,F
4718,F
4719,F
4720,F
4721,F
4722,F
4723,F
4724,F
4725,F
4726,F
4727,F
4728,F
4729,F
4730,F
4731,F
4732,F
4733,F
4734,F
4735,E
4736,F
4737,F
4738,F
4739,F
4740,F
4741,F
4742,F
4743,F
4744,F
4745,F
4746,F
4747,F
4748,F
4749,F
4750,F
4751,J
4752,F
4753,F
4754,F
4755,J
4756,F
4757,F
4758,F
4759,F
4760,F
4761,F
4762,F
4763,F
4764,F
4765,F
4766,F
4767,F
4768,F
4769,F
4770,F
4771,F
4772,F
4773,F
4774,F
4775,F
4776,F
4777,F
4778,F
4779,F
4780,F
4781,F
4782,F
4783,F
4784,F
4785,F
4786,F
4787,F
4788,F
4789,F
4790,F
4791,F
4792,F
4793,F
4794,F
4795,F
4796,F
4797,F
4798,F
4799,F
4800,F
4801,J
4802,F
4803,F
4804,F
4805,F
4806,F
4807,F
4808,F
4809,F
4810,F
4811,F
4812,F
4813,F
4814,F
4815,F
4816,F
4817,F
4818,F
4819,F
4820,F
4821,F
4822,F
4823,F
4824,F
4825,F
4826,F
4827,F
4828,F
4829,F
4830,F
4831,F
4832,F
4833,F
4834,F
4835,F
4836,F
4837,F
4838,F
4839,F
4840,F
4841,F
4842,F
4843,F
4844,F
4845,F
4846,F
4847,F
4848,F
4849,F
4850,F
4851,F
4852,F
4853,F
4854,F
4855,F
4856,F
4857,F
4858,F
4859,F
4860,F
4861,F
4862,F
4863,F
4864,F
4865,F
4866,F
4867,F
4868,F
4869,F
4870,F
4871,F
4872,F
4873,F
4874,F
4875,F
4876,F
4877,F
4878,F
4879,F
4880,F
4881,D
4882,F
4883,F
4884,F
4885,F
4886,F
4887,F
4888,F
4889,F
4890,F
4891,F
4892,F
4893,F
4894,F
4895,F
4896,F
4897,F
4898,F
4899,F
4900,F
4901,F
4902,F
4903,F
4904,F
4905,F
4906,F
4907,F
4908,F
4909,F
4910,F
4911,F
4912,F
4913,F
4914,F
4915,F
4916,F
4917,F
4918,F
4919,F
4920,F
4921,F
4922,F
4923,F
4924,F
4925,F
4926,F
4927,F
4928,F
4929,F
4930,F
4931,F
4932,F
4933,F
4934,F
4935,F
4936,F
4937,F
4938,F
4939,F
4940,F
4941,F
4942,F
4943,F
4944,F
4945,F
4946,F
4947,F
4948,F
4949,F
4950,F
4951,F
4952,F
4953,F
4954,D
4955,F
4956,F
4957,F
4958,F
4959,F
4960,F
4961,F
4962,F
4963,F
4964,F
4965,F
4966,F
4967,F
4968,F
4969,F
4970,F
4971,F
4972,F
4973,F
4974,F
4975,F
4976,F
4977,I
4978,F
4979,F
4980,F
4981,F
4982,F
4983,F
4984,F
4985,F
4986,F
4987,F
4988,F
4989,F
4990,J
4991,F
4992,C
4993,F
4994,F
4995,F
4996,F
4997,F
4998,F
4999,F
5000,F
5001,F
5002,F
5003,F
5004,F
5005,F
5006,F
5007,F
5008,F
5009,F
5010,F
5011,F
5012,F
5013,F
5014,F
5015,F
5016,F
5017,F
5018,F
5019,F
5020,F
5021,F
5022,F
5023,F
5024,F
5025,F
5026,F
5027,F
5028,F
5029,F
5030,F
5031,F
5032,F
5033,F
5034,F
5035,F
5036,F
5037,F
5038,F
5039,F
5040,F
5041,F
5042,F
5043,F
5044,F
5045,F
5046,F
5047,F
5048,F
5049,F
5050,F
5051,F
5052,F
5053,F
5054,F
5055,F
5056,F
5057,F
5058,F
5059,F
5060,F
5061,F
5062,F
5063,F
5064,F
5065,F
5066,F
5067,F
5068,F
5069,F
5070,F
5071,F
5072,F
5073,F
5074,F
5075,F
5076,F
5077,F
5078,F
5079,F
5080,F
5081,F
5082,F
5083,F
5084,F
5085,F
5086,F
5087,F
5088,F
5089,F
5090,F
5091,F
5092,F
5093,F
5094,F
5095,F
5096,F
5097,F
5098,F
5099,F
5100,F
5101,F
5102,F
5103,E
5104,F
5105,F
5106,F
5107,F
5108,F
5109,F
5110,F
5111,F
5112,F
5113,F
5114,F
5115,F
5116,F
5117,F
5118,F
5119,F
5120,F
5121,F
5122,F
5123,F
5124,F
5125,F
5126,F
5127,F
5128,F
5129,F
5130,F
5131,F
5132,F
5133,F
5134,F
5135,F
5136,F
5137,F
5138,A
5139,F
5140,F
5141,F
5142,F
5143,F
5144,F
5145,F
5146,F
5147,F
5148,F
5149,F
5150,F
5151,F
5152,F
5153,F
5154,F
5155,F
5156,F
5157,F
5158,F
5159,F
5160,F
5161,F
5162,F
5163,F
5164,F
5165,F
5166,F
5167,F
5168,F
5169,F
5170,F
5171,F
5172,F
5173,F
5174,F
5175,F
5176,F
5177,F
5178,F
5179,F
5180,F
5181,F
5182,F
5183,F
5184,F
5185,F
5186,F
5187,F
5188,J
5189,F
5190,F
5191,F
5192,F
5193,F
5194,A
5195,F
5196,F
5197,F
5198,F
5199,F
5200,F
5201,F
5202,F
5203,F
5204,F
5205,F
5206,G
5207,F
5208,F
5209,F
5210,F
5211,F
5212,F
5213,F
5214,F
5215,F
5216,F
5217,F
5218,F
5219,F
5220,F
5221,F
5222,F
5223,F
5224,F
5225,F
5226,F
5227,F
5228,F
5229,F
5230,F
5231,G
5232,F
5233,F
5234,F
5235,F
5236,F
5237,F
5238,F
5239,F
5240,F
5241,F
5242,F
5243,D
5244,F
5245,F
5246,F
5247,F
5248,F
5249,F
5250,F
5251,F
5252,E
5253,F
5254,E
5255,F
5256,D
5257,F
5258,F
5259,F
5260,F
5261,F
5262,F
5263,F
5264,F
5265,F
5266,F
5267,F
5268,F
5269,F
5270,F
5271,F
5272,F
5273,F
5274,F
5275,F
5276,F
5277,F
5278,F
5279,F
5280,F
5281,F
5282,F
5283,F
5284,F
5285,F
5286,F
5287,F
5288,F
5289,F
5290,F
5291,F
5292,F
5293,F
5294,F
5295,F
5296,F
5297,F
5298,F
5299,F
5300,F
5301,F
5302,F
5303,F
5304,F
5305,F
5306,F
5307,F
5308,F
5309,F
5310,F
5311,F
5312,F
5313,F
5314,F
5315,F
5316,F
5317,F
5318,F
5319,F
5320,F
5321,F
5322,F
5323,D
5324,F
5325,F
5326,F
5327,F
5328,F
5329,F
5330,F
5331,F
5332,F
5333,F
5334,F
5335,F
5336,F
5337,F
5338,F
5339,F
5340,F
5341,F
5342,F
5343,F
5344,F
5345,F
5346,F
5347,F
5348,F
5349,F
5350,F
5351,F
5352,F
5353,F
5354,F
5355,F
5356,F
5357,F
5358,F
5359,F
5360,G
5361,F
5362,F
5363,F
5364,F
5365,F
5366,F
5367,F
5368,F
5369,F
5370,F
5371,F
5372,F
5373,F
5374,F
5375,F
5376,F
5377,F
5378,F
5379,F
5380,F
5381,F
5382,F
5383,F
5384,F
5385,F
5386,F
5387,F
5388,F
5389,F
5390,F
5391,F
5392,F
5393,F
5394,F
5395,F
5396,F
5397,F
5398,F
5399,F
5400,F
5401,F
5402,F
5403,F
5404,F
5405,F
5406,F
5407,F
5408,F
5409,F
5410,F
5411,F
5412,F
5413,F
5414,F
5415,F
5416,F
5417,F
5418,F
5419,F
5420,F
5421,F
5422,F
5423,F
5424,F
5425,F
5426,F
5427,F
5428,F
5429,F
5430,F
5431,D
5432,F
5433,F
5434,F
5435,F
5436,F
5437,I
5438,F
5439,F
5440,F
5441,F
5442,F
5443,F
5444,F
5445,F
5446,F
5447,F
5448,F
5449,F
5450,F
5451,F
5452,F
5453,F
5454,F
5455,F
5456,F
5457,F
5458,F
5459,F
5460,F
5461,F
5462,F
5463,F
5464,F
5465,F
5466,F
5467,F
5468,F
5469,F
5470,F
5471,F
5472,F
5473,F
5474,F
5475,F
5476,F
5477,F
5478,F
5479,F
5480,F
5481,F
5482,F
5483,F
5484,F
5485,F
5486,F
5487,F
5488,F
5489,F
5490,F
5491,F
5492,F
5493,F
5494,F
5495,F
5496,F
5497,F
5498,F
5499,F
5500,F
5501,B
5502,J
5503,F
5504,F
5505,F
5506,F
5507,F
5508,F
5509,F
5510,F
5511,F
5512,F
5513,F
5514,F
5515,B
5516,F
5517,F
5518,F
5519,B
5520,I
5521,F
5522,F
5523,F
5524,F
5525,F
5526,F
5527,F
5528,F
5529,F
5530,F
5531,F
5532,F
5533,F
5534,F
5535,F
5536,F
5537,F
5538,F
5539,F
5540,F
5541,F
5542,F
5543,F
5544,F
5545,F
5546,F
5547,F
5548,D
5549,G
5550,F
5551,G
5552,F
5553,F
5554,F
5555,F
5556,F
5557,F
5558,F
5559,F
5560,F
5561,F
5562,F
5563,F
5564,F
5565,F
5566,F
5567,F
5568,F
5569,F
5570,F
5571,F
5572,F
5573,F
5574,D
5575,J
5576,F
5577,F
5578,F
5579,F
5580,F
5581,F
5582,F
5583,F
5584,F
5585,F
5586,F
5587,F
5588,I
5589,F
5590,F
5591,F
5592,F
5593,F
5594,F
5595,F
5596,F
5597,F
5598,F
5599,F
5600,F
5601,F
5602,F
5603,F
5604,F
5605,F
5606,F
5607,F
5608,G
5609,F
5610,F
5611,F
5612,F
5613,F
5614,F
5615,F
5616,F
5617,F
5618,F
5619,F
5620,G
5621,G
5622,G
5623,G
5624,G
5625,G
5626,G
5627,E
5628,G
5629,G
5630,G
5631,G
5632,G
5633,G
5634,G
5635,G
5636,G
5637,G
5638,G
5639,G
5640,G
5641,G
5642,G
5643,G
5644,G
5645,G
5646,G
5647,G
5648,G
5649,G
5650,G
5651,G
5652,G
5653,G
5654,G
5655,G
5656,G
5657,G
5658,C
5659,G
5660,G
5661,G
5662,G
5663,G
5664,G
5665,G
5666,G
5667,G
5668,G
5669,G
5670,G
5671,G
5672,G
5673,G
5674,G
5675,G
5676,G
5677,G
5678,G
5679,G
5680,G
5681,G
5682,G
5683,D
5684,G
5685,G
5686,G
5687,G
5688,G
5689,G
5690,G
5691,G
5692,B
5693,G
5694,G
5695,G
5696,G
5697,G
5698,G
5699,G
5700,G
5701,G
5702,G
5703,G
5704,G
5705,G
5706,G
5707,G
5708,G
5709,G
5710,D
5711,G
5712,G
5713,G
5714,G
5715,G
5716,G
5717,G
5718,G
5719,G
5720,G
5721,G
5722,G
5723,G
5724,G
5725,G
5726,G
5727,G
5728,G
5729,G
5730,G
5731,G
5732,G
5733,G
5734,G
5735,G
5736,G
5737,G
5738,G
5739,G
5740,G
5741,G
5742,G
5743,G
5744,G
5745,G
5746,G
5747,G
5748,G
5749,G
5750,G
5751,G
5752,G
5753,G
5754,G
5755,G
5756,G
5757,G
5758,G
5759,G
5760,G
5761,G
5762,G
5763,G
5764,G
5765,G
5766,G
5767,G
5768,G
5769,G
5770,G
5771,G
5772,G
5773,G
5774,G
5775,G
5776,G
5777,G
5778,G
5779,G
5780,G
5781,I
5782,G
5783,G
5784,G
5785,G
5786,G
5787,G
5788,G
5789,G
5790,C
5791,G
5792,G
5793,G
5794,G
5795,G
5796,G
5797,G
5798,G
5799,G
5800,G
5801,G
5802,G
5803,G
5804,G
5805,G
5806,G
5807,G
5808,G
5809,G
5810,G
5811,G
5812,G
5813,G
5814,C
5815,G
5816,G
5817,G
5818,G
5819,G
5820,G
5821,G
5822,G
5823,G
5824,G
5825,G
5826,G
5827,G
5828,G
5829,G
5830,G
5831,G
5832,G
5833,G
5834,G
5835,G
5836,G
5837,G
5838,G
5839,G
5840,E
5841,G
5842,G
5843,G
5844,J
5845,G
5846,G
5847,G
5848,G
5849,G
5850,G
5851,G
5852,F
5853,G
5854,G
5855,G
5856,G
5857,G
5858,G
5859,G
5860,G
5861,G
5862,G
5863,G
5864,C
5865,G
5866,G
5867,G
5868,G
5869,C
5870,G
5871,G
5872,G
5873,G
5874,G
5875,G
5876,G
5877,C
5878,G
5879,C
5880,G
5881,G
5882,G
5883,G
5884,G
5885,G
5886,G
5887,G
5888,G
5889,G
5890,G
5891,G
5892,G
5893,A
5894,G
5895,G
5896,G
5897,G
5898,G
5899,G
5900,G
5901,G
5902,G
5903,G
5904,G
5905,G
5906,G
5907,F
5908,G
5909,G
5910,G
5911,G
5912,G
5913,G
5914,G
5915,G
5916,G
5917,G
5918,G
5919,D
5920,G
5921,G
5922,G
5923,G
5924,G
5925,G
5926,G
5927,G
5928,G
5929,G
5930,G
5931,G
5932,G
5933,G
5934,G
5935,G
5936,G
5937,G
5938,G
5939,G
5940,D
5941,B
5942,B
5943,G
5944,G
5945,G
5946,G
5947,G
5948,G
5949,G
5950,G
5951,G
5952,G
5953,G
5954,G
5955,G
5956,G
5957,G
5958,G
5959,G
5960,G
5961,G
5962,G
5963,G
5964,G
5965,G
5966,G
5967,G
5968,G
5969,G
5970,G
5971,G
5972,G
5973,G
5974,G
5975,G
5976,G
5977,G
5978,G
5979,G
5980,G
5981,G
5982,G
5983,G
5984,E
5985,G
5986,G
5987,G
5988,G
5989,G
5990,G
5991,G
5992,G
5993,G
5994,G
5995,F
5996,G
5997,G
5998,G
5999,G
6000,G
6001,G
6002,G
6003,G
6004,G
6005,G
6006,G
6007,G
6008,G
6009,G
6010,G
6011,G
6012,G
6013,G
6014,G
6015,G
6016,G
6017,G
6018,G
6019,G
6020,G
6021,I
6022,G
6023,G
6024,G
6025,G
6026,G
6027,G
6028,G
6029,C
6030,C
6031,G
6032,G
6033,G
6034,G
6035,G
6036,G
6037,G
6038,G
6039,G
6040,G
6041,G
6042,G
6043,G
6044,G
6045,G
6046,G
6047,G
6048,G
6049,G
6050,G
6051,G
6052,C
6053,G
6054,G
6055,G
6056,G
6057,G
6058,G
6059,G
6060,G
6061,G
6062,G
6063,G
6064,G
6065,G
6066,E
6067,G
6068,G
6069,G
6070,B
6071,G
6072,G
6073,G
6074,G
6075,G
6076,G
6077,G
6078,G
6079,G
6080,G
6081,G
6082,G
6083,G
6084,G
6085,G
6086,G
6087,G
6088,G
6089,G
6090,G
6091,G
6092,G
6093,G
6094,G
6095,G
6096,G
6097,G
6098,G
6099,G
6100,G
6101,G
6102,G
6103,B
6104,G
6105,G
6106,F
6107,G
6108,G
6109,G
6110,G
6111,G
6112,G
6113,G
6114,G
6115,G
6116,G
6117,G
6118,G
6119,G
6120,G
6121,G
6122,G
6123,G
6124,G
6125,G
6126,G
6127,G
6128,G
6129,G
6130,G
6131,G
6132,G
6133,G
6134,G
6135,G
6136,G
6137,G
6138,G
6139,G
6140,G
6141,G
6142,G
6143,G
6144,G
6145,G
6146,G
6147,G
6148,G
6149,G
6150,G
6151,G
6152,G
6153,G
6154,G
6155,G
6156,G
6157,G
6158,G
6159,G
6160,G
6161,G
6162,G
6163,G
6164,G
6165,G
6166,G
6167,G
6168,G
6169,G
6170,G
6171,G
6172,G
6173,G
6174,G
6175,G
6176,G
6177,G
6178,G
6179,G
6180,G
6181,G
6182,G
6183,G
6184,G
6185,G
6186,G
6187,B
6188,G
6189,G
6190,G
6191,G
6192,B
6193,G
6194,G
6195,G
6196,G
6197,G
6198,G
6199,G
6200,G
6201,G
6202,G
6203,G
6204,B
6205,G
6206,G
6207,G
6208,G
6209,G
6210,G
6211,G
6212,G
6213,G
6214,G
6215,G
6216,B
6217,G
6218,G
6219,G
6220,G
6221,E
6222,G
6223,G
6224,G
6225,G
6226,D
6227,G
6228,G
6229,G
6230,G
6231,G
6232,C
6233,G
6234,G
6235,C
6236,G
6237,G
6238,G
6239,G
6240,G
6241,G
6242,G
6243,G
6244,G
6245,G
6246,G
6247,G
6248,G
6249,G
6250,G
6251,G
6252,G
6253,G
6254,G
6255,G
6256,G
6257,G
6258,G
6259,G
6260,C
6261,G
6262,G
6263,G
6264,G
6265,D
6266,G
6267,G
6268,G
6269,B
6270,G
6271,G
6272,G
6273,G
6274,G
6275,G
6276,G
6277,G
6278,G
6279,G
6280,G
6281,G
6282,G
6283,G
6284,A
6285,G
6286,G
6287,G
6288,G
6289,G
6290,G
6291,G
6292,G
6293,G
6294,G
6295,G
6296,G
6297,G
6298,G
6299,G
6300,G
6301,G
6302,G
6303,G
6304,G
6305,G
6306,G
6307,G
6308,G
6309,C
6310,G
6311,G
6312,G
6313,G
6314,G
6315,G
6316,G
6317,G
6318,G
6319,G
6320,G
6321,G
6322,G
6323,G
6324,G
6325,G
6326,G
6327,G
6328,G
6329,G
6330,G
6331,G
6332,G
6333,G
6334,G
6335,G
6336,G
6337,G
6338,G
6339,G
6340,G
6341,G
6342,G
6343,G
6344,G
6345,G
6346,G
6347,G
6348,G
6349,G
6350,G
6351,G
6352,G
6353,G
6354,G
6355,G
6356,A
6357,G
6358,G
6359,C
6360,G
6361,G
6362,G
6363,G
6364,G
6365,G
6366,G
6367,G
6368,G
6369,G
6370,G
6371,G
6372,G
6373,G
6374,G
6375,G
6376,G
6377,G
6378,G
6379,G
6380,G
6381,G
6382,G
6383,G
6384,G
6385,G
6386,G
6387,G
6388,G
6389,G
6390,G
6391,G
6392,G
6393,G
6394,G
6395,G
6396,G
6397,G
6398,G
6399,C
6400,G
6401,G
6402,G
6403,G
6404,G
6405,G
6406,G
6407,G
6408,G
6409,G
6410,G
6411,G
6412,G
6413,G
6414,G
6415,G
6416,G
6417,G
6418,G
6419,G
6420,G
6421,G
6422,G
6423,G
6424,G
6425,G
6426,G
6427,G
6428,G
6429,G
6430,G
6431,G
6432,G
6433,G
6434,G
6435,G
6436,G
6437,G
6438,G
6439,G
6440,G
6441,G
6442,G
6443,G
6444,G
6445,G
6446,G
6447,G
6448,G
6449,G
6450,G
6451,G
6452,G
6453,I
6454,G
6455,G
6456,G
6457,G
6458,G
6459,G
6460,G
6461,G
6462,G
6463,G
6464,G
6465,G
6466,G
6467,G
6468,G
6469,G
6470,G
6471,G
6472,G
6473,G
6474,G
6475,G
6476,G
6477,G
6478,G
6479,G
6480,D
6481,G
6482,G
6483,G
6484,G
6485,G
6486,G
6487,G
6488,G
6489,G
6490,G
6491,G
6492,G
6493,G
6494,G
6495,G
6496,G
6497,G
6498,G
6499,G
6500,B
6501,G
6502,G
6503,D
6504,G
6505,G
6506,G
6507,G
6508,G
6509,G
6510,G
6511,G
6512,G
6513,G
6514,G
6515,G
6516,G
6517,G
6518,G
6519,G
6520,G
6521,G
6522,G
6523,G
6524,G
6525,G
6526,G
6527,G
6528,G
6529,G
6530,G
6531,G
6532,G
6533,G
6534,G
6535,G
6536,G
6537,G
6538,G
6539,G
6540,G
6541,G
6542,G
6543,G
6544,G
6545,G
6546,G
6547,G
6548,G
6549,G
6550,G
6551,C
6552,G
6553,G
6554,G
6555,G
6556,H
6557,H
6558,H
6559,H
6560,H
6561,H
6562,H
6563,H
6564,H
6565,H
6566,H
6567,H
6568,H
6569,H
6570,H
6571,H
6572,H
6573,H
6574,H
6575,H
6576,H
6577,H
6578,H
6579,H
6580,H
6581,H
6582,H
6583,H
6584,H
6585,H
6586,H
6587,H
6588,H
6589,H
6590,H
6591,H
6592,H
6593,H
6594,H
6595,H
6596,H
6597,H
6598,H
6599,H
6600,H
6601,H
6602,H
6603,H
6604,H
6605,H
6606,H
6607,H
6608,H
6609,A
6610,A
6611,H
6612,H
6613,H
6614,H
6615,H
6616,H
6617,H
6618,H
6619,H
6620,H
6621,H
6622,H
6623,H
6624,H
6625,C
6626,H
6627,H
6628,H
6629,H
6630,H
6631,H
6632,H
6633,H
6634,H
6635,H
6636,H
6637,H
6638,H
6639,H
6640,H
6641,H
6642,H
6643,H
6644,H
6645,H
6646,H
6647,H
6648,H
6649,H
6650,H
6651,H
6652,H
6653,H
6654,H
6655,H
6656,H
6657,H
6658,A
6659,H
6660,H
6661,H
6662,H
6663,H
6664,H
6665,H
6666,H
6667,H
6668,H
6669,H
6670,H
6671,H
6672,H
6673,H
6674,H
6675,H
6676,H
6677,H
6678,H
6679,H
6680,H
6681,H
6682,H
6683,H
6684,H
6685,H
6686,H
6687,H
6688,H
6689,H
6690,H
6691,H
6692,H
6693,H
6694,H
6695,H
6696,H
6697,H
6698,H
6699,H
6700,H
6701,H
6702,H
6703,H
6704,H
6705,H
6706,H
6707,H
6708,H
6709,H
6710,H
6711,H
6712,H
6713,H
6714,H
6715,H
6716,H
6717,H
6718,H
6719,H
6720,H
6721,H
6722,H
6723,H
6724,H
6725,H
6726,H
6727,H
6728,H
6729,H
6730,H
6731,H
6732,H
6733,H
6734,H
6735,H
6736,H
6737,H
6738,H
6739,H
6740,H
6741,H
6742,H
6743,H
6744,H
6745,H
6746,H
6747,H
6748,H
6749,H
6750,H
6751,H
6752,H
6753,H
6754,H
6755,H
6756,H
6757,H
6758,H
6759,H
6760,H
6761,H
6762,H
6763,H
6764,H
6765,H
6766,H
6767,H
6768,H
6769,H
6770,H
6771,H
6772,H
6773,H
6774,H
6775,H
6776,H
6777,H
6778,H
6779,H
6780,H
6781,H
6782,H
6783,H
6784,H
6785,H
6786,H
6787,H
6788,H
6789,H
6790,H
6791,B
6792,H
6793,H
6794,H
6795,H
6796,H
6797,H
6798,H
6799,H
6800,H
6801,H
6802,B
6803,H
6804,H
6805,H
6806,H
6807,H
6808,H
6809,H
6810,H
6811,H
6812,H
6813,H
6814,H
6815,H
6816,H
6817,H
6818,H
6819,H
6820,H
6821,H
6822,H
6823,H
6824,H
6825,H
6826,H
6827,H
6828,H
6829,H
6830,H
6831,H
6832,H
6833,H
6834,H
6835,H
6836,H
6837,H
6838,H
6839,H
6840,G
6841,H
6842,H
6843,H
6844,H
6845,H
6846,B
6847,H
6848,H
6849,H
6850,H
6851,H
6852,H
6853,H
6854,H
6855,H
6856,H
6857,H
6858,I
6859,H
6860,H
6861,H
6862,H
6863,H
6864,A
6865,H
6866,H
6867,H
6868,H
6869,H
6870,I
6871,H
6872,H
6873,H
6874,H
6875,H
6876,H
6877,H
6878,H
6879,H
6880,H
6881,H
6882,H
6883,H
6884,H
6885,H
6886,H
6887,H
6888,B
6889,H
6890,H
6891,H
6892,H
6893,H
6894,H
6895,H
6896,H
6897,H
6898,H
6899,H
6900,H
6901,H
6902,H
6903,H
6904,H
6905,H
6906,H
6907,H
6908,H
6909,H
6910,H
6911,H
6912,H
6913,H
6914,H
6915,H
6916,H
6917,H
6918,H
6919,H
6920,H
6921,H
6922,H
6923,H
6924,H
6925,H
6926,H
6927,H
6928,H
6929,F
6930,H
6931,H
6932,H
6933,H
6934,H
6935,H
6936,H
6937,H
6938,H
6939,H
6940,H
6941,H
6942,H
6943,H
6944,H
6945,H
6946,H
6947,H
6948,H
6949,H
6950,H
6951,H
6952,H
6953,H
6954,H
6955,H
6956,H
6957,H
6958,H
6959,H
6960,H
6961,H
6962,H
6963,H
6964,H
6965,H
6966,H
6967,H
6968,H
6969,H
6970,H
6971,A
6972,H
6973,H
6974,H
6975,H
6976,H
6977,H
6978,H
6979,H
6980,H
6981,H
6982,H
6983,H
6984,H
6985,H
6986,H
6987,H
6988,H
6989,H
6990,H
6991,H
6992,H
6993,H
6994,H
6995,H
6996,H
6997,H
6998,H
6999,H
7000,H
7001,H
7002,H
7003,H
7004,H
7005,H
7006,H
7007,H
7008,H
7009,H
7010,A
7011,H
7012,H
7013,H
7014,H
7015,H
7016,H
7017,H
7018,H
7019,B
7020,H
7021,H
7022,H
7023,H
7024,H
7025,H
7026,H
7027,H
7028,H
7029,H
7030,A
7031,H
7032,H
7033,H
7034,H
7035,H
7036,H
7037,H
7038,H
7039,H
7040,H
7041,H
7042,H
7043,H
7044,H
7045,H
7046,H
7047,H
7048,H
7049,H
7050,H
7051,H
7052,H
7053,H
7054,H
7055,H
7056,H
7057,H
7058,H
7059,A
7060,H
7061,H
7062,H
7063,H
7064,H
7065,H
7066,H
7067,H
7068,H
7069,H
7070,H
7071,J
7072,H
7073,H
7074,H
7075,H
7076,H
7077,H
7078,H
7079,H
7080,H
7081,H
7082,H
7083,H
7084,H
7085,H
7086,H
7087,H
7088,H
7089,H
7090,H
7091,H
7092,H
7093,H
7094,H
7095,H
7096,H
7097,G
7098,H
7099,H
7100,H
7101,H
7102,H
7103,H
7104,H
7105,H
7106,H
7107,H
7108,H
7109,H
7110,H
7111,H
7112,H
7113,H
7114,H
7115,H
7116,H
7117,H
7118,I
7119,H
7120,H
7121,H
7122,H
7123,H
7124,H
7125,H
7126,H
7127,H
7128,H
7129,H
7130,H
7131,H
7132,H
7133,H
7134,H
7135,H
7136,H
7137,H
7138,H
7139,H
7140,H
7141,H
7142,H
7143,H
7144,H
7145,H
7146,H
7147,H
7148,H
7149,H
7150,H
7151,H
7152,H
7153,H
7154,H
7155,H
7156,H
7157,H
7158,H
7159,H
7160,H
7161,H
7162,H
7163,H
7164,H
7165,H
7166,H
7167,H
7168,H
7169,H
7170,H
7171,H
7172,H
7173,H
7174,H
7175,H
7176,H
7177,H
7178,H
7179,H
7180,H
7181,H
7182,H
7183,H
7184,H
7185,H
7186,H
7187,H
7188,H
7189,H
7190,H
7191,H
7192,H
7193,H
7194,H
7195,H
7196,H
7197,H
7198,H
7199,D
7200,H
7201,H
7202,H
7203,H
7204,H
7205,H
7206,H
7207,H
7208,H
7209,H
7210,H
7211,H
7212,H
7213,H
7214,I
7215,H
7216,H
7217,H
7218,H
7219,G
7220,G
7221,H
7222,H
7223,H
7224,H
7225,H
7226,H
7227,H
7228,H
7229,H
7230,H
7231,H
7232,H
7233,D
7234,H
7235,H
7236,H
7237,H
7238,H
7239,H
7240,H
7241,H
7242,H
7243,H
7244,H
7245,H
7246,H
7247,H
7248,H
7249,H
7250,B
7251,H
7252,H
7253,H
7254,H
7255,H
7256,H
7257,H
7258,H
7259,H
7260,H
7261,A
7262,H
7263,H
7264,H
7265,H
7266,B
7267,H
7268,H
7269,H
7270,H
7271,H
7272,H
7273,H
7274,H
7275,H
7276,H
7277,H
7278,H
7279,H
7280,H
7281,H
7282,H
7283,H
7284,H
7285,H
7286,H
7287,H
7288,H
7289,H
7290,H
7291,H
7292,H
7293,H
7294,H
7295,H
7296,H
7297,H
7298,H
7299,H
7300,H
7301,H
7302,H
7303,H
7304,H
7305,H
7306,H
7307,H
7308,H
7309,H
7310,D
7311,H
7312,H
7313,H
7314,H
7315,H
7316,H
7317,H
7318,H
7319,H
7320,H
7321,H
7322,H
7323,H
7324,H
7325,H
7326,H
7327,H
7328,H
7329,H
7330,H
7331,H
7332,H
7333,H
7334,H
7335,H
7336,H
7337,H
7338,H
7339,H
7340,H
7341,H
7342,H
7343,H
7344,H
7345,H
7346,H
7347,H
7348,H
7349,H
7350,H
7351,H
7352,H
7353,H
7354,H
7355,H
7356,H
7357,H
7358,H
7359,H
7360,H
7361,H
7362,H
7363,H
7364,H
7365,H
7366,H
7367,H
7368,H
7369,A
7370,H
7371,H
7372,H
7373,F
7374,H
7375,B
7376,H
7377,H
7378,H
7379,H
7380,H
7381,H
7382,H
7383,H
7384,H
7385,H
7386,H
7387,H
7388,H
7389,H
7390,H
7391,H
7392,H
7393,H
7394,H
7395,H
7396,I
7397,H
7398,H
7399,H
7400,H
7401,H
7402,H
7403,H
7404,H
7405,H
7406,H
7407,H
7408,H
7409,H
7410,H
7411,H
7412,H
7413,H
7414,H
7415,H
7416,H
7417,H
7418,H
7419,H
7420,H
7421,H
7422,H
7423,H
7424,H
7425,H
7426,H
7427,H
7428,H
7429,H
7430,H
7431,H
7432,H
7433,H
7434,H
7435,H
7436,H
7437,H
7438,H
7439,H
7440,H
7441,H
7442,H
7443,H
7444,H
7445,H
7446,H
7447,H
7448,H
7449,H
7450,H
7451,H
7452,H
7453,H
7454,H
7455,I
7456,H
7457,H
7458,H
7459,H
7460,H
7461,H
7462,H
7463,H
7464,H
7465,H
7466,H
7467,H
7468,H
7469,H
7470,H
7471,G
7472,H
7473,H
7474,H
7475,H
7476,H
7477,H
7478,H
7479,H
7480,H
7481,H
7482,H
7483,H
7484,H
7485,H
7486,H
7487,D
7488,H
7489,H
7490,H
7491,H
7492,I
7493,I
7494,I
7495,D
7496,I
7497,D
7498,I
7499,I
7500,I
7501,I
7502,I
7503,I
7504,I
7505,E
7506,H
7507,I
7508,I
7509,I
7510,I
7511,I
7512,I
7513,I
7514,I
7515,I
7516,I
7517,I
7518,I
7519,I
7520,I
7521,E
7522,I
7523,I
7524,I
7525,I
7526,I
7527,I
7528,I
7529,I
7530,J
7531,I
7532,I
7533,I
7534,J
7535,I
7536,I
7537,I
7538,I
7539,I
7540,I
7541,I
7542,I
7543,I
7544,I
7545,I
7546,I
7547,I
7548,I
7549,I
7550,I
7551,I
7552,I
7553,C
7554,D
7555,I
7556,I
7557,I
7558,I
7559,I
7560,I
7561,J
7562,I
7563,I
7564,J
7565,I
7566,I
7567,I
7568,I
7569,I
7570,I
7571,I
7572,I
7573,I
7574,I
7575,I
7576,I
7577,I
7578,I
7579,I
7580,I
7581,I
7582,I
7583,I
7584,I
7585,I
7586,B
7587,I
7588,J
7589,I
7590,I
7591,I
7592,J
7593,I
7594,J
7595,I
7596,I
7597,I
7598,I
7599,I
7600,D
7601,I
7602,I
7603,I
7604,I
7605,I
7606,I
7607,I
7608,I
7609,I
7610,I
7611,I
7612,I
7613,I
7614,I
7615,I
7616,I
7617,I
7618,I
7619,I
7620,I
7621,I
7622,I
7623,I
7624,I
7625,I
7626,I
7627,I
7628,I
7629,I
7630,I
7631,I
7632,I
7633,I
7634,I
7635,I
7636,I
7637,I
7638,I
7639,I
7640,I
7641,I
7642,I
7643,I
7644,D
7645,I
7646,I
7647,I
7648,I
7649,I
7650,I
7651,I
7652,I
7653,B
7654,I
7655,I
7656,I
7657,I
7658,I
7659,I
7660,I
7661,I
7662,I
7663,I
7664,I
7665,I
7666,I
7667,I
7668,I
7669,I
7670,I
7671,I
7672,I
7673,I
7674,I
7675,I
7676,I
7677,I
7678,I
7679,I
7680,D
7681,H
7682,I
7683,I
7684,D
7685,J
7686,I
7687,J
7688,I
7689,I
7690,I
7691,I
7692,I
7693,I
7694,I
7695,I
7696,I
7697,I
7698,I
7699,I
7700,I
7701,D
7702,E
7703,I
7704,I
7705,I
7706,I
7707,J
7708,I
7709,I
7710,I
7711,I
7712,I
7713,I
7714,J
7715,J
7716,I
7717,I
7718,C
7719,I
7720,I
7721,J
7722,D
7723,D
7724,I
7725,I
7726,I
7727,I
7728,I
7729,I
7730,I
7731,I
7732,I
7733,I
7734,I
7735,I
7736,I
7737,I
7738,I
7739,I
7740,I
7741,I
7742,I
7743,I
7744,I
7745,I
7746,I
7747,I
7748,I
7749,I
7750,I
7751,I
7752,I
7753,I
7754,A
7755,I
7756,I
7757,I
7758,F
7759,F
7760,I
7761,I
7762,I
7763,I
7764,I
7765,I
7766,G
7767,I
7768,I
7769,J
7770,H
7771,I
7772,I
7773,I
7774,J
7775,I
7776,I
7777,I
7778,I
7779,G
7780,I
7781,I
7782,I
7783,I
7784,I
7785,I
7786,I
7787,I
7788,I
7789,I
7790,I
7791,D
7792,I
7793,I
7794,I
7795,I
7796,F
7797,I
7798,I
7799,I
7800,I
7801,I
7802,I
7803,I
7804,I
7805,I
7806,I
7807,I
7808,D
7809,I
7810,I
7811,J
7812,I
7813,I
7814,I
7815,I
7816,I
7817,I
7818,I
7819,I
7820,I
7821,I
7822,I
7823,I
7824,I
7825,I
7826,I
7827,I
7828,I
7829,I
7830,I
7831,I
7832,I
7833,I
7834,I
7835,I
7836,I
7837,I
7838,I
7839,I
7840,I
7841,I
7842,I
7843,I
7844,I
7845,I
7846,I
7847,I
7848,I
7849,B
7850,I
7851,I
7852,I
7853,I
7854,I
7855,I
7856,I
7857,I
7858,I
7859,I
7860,I
7861,I
7862,I
7863,I
7864,I
7865,I
7866,I
7867,I
7868,D
7869,I
7870,I
7871,I
7872,I
7873,I
7874,I
7875,I
7876,I
7877,F
7878,I
7879,I
7880,I
7881,I
7882,I
7883,I
7884,I
7885,I
7886,I
7887,I
7888,I
7889,I
7890,I
7891,I
7892,I
7893,I
7894,D
7895,I
7896,I
7897,I
7898,I
7899,I
7900,I
7901,I
7902,I
7903,I
7904,I
7905,I
7906,I
7907,I
7908,I
7909,I
7910,I
7911,I
7912,I
7913,D
7914,I
7915,I
7916,I
7917,I
7918,I
7919,J
7920,B
7921,I
7922,I
7923,I
7924,I
7925,I
7926,I
7927,I
7928,B
7929,I
7930,I
7931,I
7932,I
7933,I
7934,I
7935,I
7936,I
7937,I
7938,I
7939,I
7940,I
7941,I
7942,I
7943,I
7944,I
7945,I
7946,I
7947,I
7948,I
7949,I
7950,I
7951,I
7952,I
7953,I
7954,I
7955,A
7956,I
7957,J
7958,I
7959,I
7960,I
7961,I
7962,J
7963,I
7964,I
7965,I
7966,I
7967,I
7968,J
7969,I
7970,I
7971,I
7972,I
7973,I
7974,D
7975,I
7976,I
7977,I
7978,I
7979,I
7980,I
7981,I
7982,E
7983,I
7984,I
7985,I
7986,I
7987,D
7988,I
7989,D
7990,I
7991,I
7992,I
7993,I
7994,G
7995,I
7996,I
7997,I
7998,I
7999,I
8000,I
8001,J
8002,I
8003,J
8004,I
8005,I
8006,I
8007,I
8008,I
8009,I
8010,I
8011,I
8012,I
8013,I
8014,I
8015,I
8016,I
8017,I
8018,I
8019,I
8020,I
8021,I
8022,I
8023,I
8024,I
8025,I
8026,I
8027,I
8028,I
8029,I
8030,I
8031,I
8032,I
8033,I
8034,I
8035,I
8036,I
8037,I
8038,I
8039,I
8040,I
8041,I
8042,I
8043,I
8044,I
8045,I
8046,I
8047,I
8048,D
8049,I
8050,I
8051,I
8052,I
8053,I
8054,I
8055,I
8056,I
8057,I
8058,I
8059,I
8060,J
8061,I
8062,I
8063,I
8064,I
8065,I
8066,I
8067,I
8068,I
8069,I
8070,I
8071,I
8072,I
8073,G
8074,B
8075,I
8076,I
8077,I
8078,I
8079,J
8080,I
8081,I
8082,I
8083,I
8084,I
8085,I
8086,I
8087,B
8088,I
8089,I
8090,C
8091,J
8092,I
8093,I
8094,I
8095,I
8096,I
8097,I
8098,I
8099,I
8100,I
8101,I
8102,I
8103,I
8104,I
8105,I
8106,I
8107,I
8108,I
8109,I
8110,J
8111,I
8112,D
8113,C
8114,I
8115,I
8116,I
8117,I
8118,J
8119,I
8120,I
8121,I
8122,I
8123,I
8124,I
8125,I
8126,I
8127,I
8128,I
8129,I
8130,I
8131,I
8132,I
8133,I
8134,I
8135,A
8136,I
8137,J
8138,I
8139,I
8140,I
8141,I
8142,I
8143,I
8144,I
8145,C
8146,I
8147,I
8148,J
8149,I
8150,D
8151,I
8152,I
8153,I
8154,I
8155,I
8156,I
8157,I
8158,I
8159,I
8160,I
8161,I
8162,I
8163,I
8164,I
8165,J
8166,I
8167,I
8168,I
8169,I
8170,I
8171,I
8172,I
8173,I
8174,I
8175,I
8176,I
8177,I
8178,J
8179,J
8180,J
8181,J
8182,J
8183,I
8184,I
8185,I
8186,D
8187,J
8188,J
8189,J
8190,I
8191,I
8192,I
8193,I
8194,I
8195,J
8196,I
8197,I
8198,I
8199,I
8200,I
8201,I
8202,I
8203,D
8204,I
8205,I
8206,I
8207,I
8208,I
8209,I
8210,I
8211,I
8212,J
8213,J
8214,I
8215,I
8216,I
8217,I
8218,I
8219,I
8220,I
8221,I
8222,I
8223,I
8224,I
8225,I
8226,I
8227,I
8228,I
8229,I
8230,I
8231,I
8232,I
8233,I
8234,I
8235,I
8236,I
8237,I
8238,I
8239,I
8240,I
8241,I
8242,I
8243,I
8244,I
8245,I
8246,I
8247,I
8248,I
8249,I
8250,I
8251,I
8252,I
8253,I
8254,I
8255,I
8256,I
8257,I
8258,J
8259,I
8260,I
8261,I
8262,I
8263,I
8264,I
8265,J
8266,I
8267,J
8268,I
8269,I
8270,I
8271,I
8272,I
8273,I
8274,I
8275,I
8276,I
8277,I
8278,I
8279,I
8280,I
8281,I
8282,J
8283,I
8284,I
8285,I
8286,I
8287,I
8288,I
8289,I
8290,I
8291,I
8292,I
8293,I
8294,I
8295,I
8296,I
8297,I
8298,I
8299,I
8300,I
8301,I
8302,I
8303,I
8304,I
8305,I
8306,J
8307,I
8308,I
8309,I
8310,H
8311,I
8312,J
8313,I
8314,I
8315,I
8316,I
8317,J
8318,I
8319,I
8320,J
8321,I
8322,I
8323,I
8324,I
8325,I
8326,I
8327,I
8328,I
8329,I
8330,I
8331,I
8332,I
8333,I
8334,I
8335,I
8336,I
8337,I
8338,I
8339,I
8340,I
8341,I
8342,I
8343,I
8344,I
8345,J
8346,I
8347,I
8348,I
8349,I
8350,I
8351,I
8352,I
8353,I
8354,I
8355,I
8356,J
8357,I
8358,I
8359,I
8360,I
8361,I
8362,I
8363,I
8364,I
8365,I
8366,I
8367,E
8368,I
8369,I
8370,I
8371,J
8372,I
8373,I
8374,I
8375,I
8376,I
8377,D
8378,J
8379,I
8380,I
8381,I
8382,I
8383,D
8384,I
8385,I
8386,I
8387,I
8388,I
8389,I
8390,I
8391,I
8392,I
8393,I
8394,I
8395,I
8396,I
8397,I
8398,I
8399,I
8400,I
8401,I
8402,I
8403,I
8404,I
8405,I
8406,I
8407,E
8408,I
8409,G
8410,I
8411,I
8412,I
8413,I
8414,I
8415,I
8416,I
8417,I
8418,I
8419,I
8420,I
8421,I
8422,I
8423,J
8424,I
8425,I
8426,I
8427,I
8428,J
8429,J
8430,J
8431,D
8432,J
8433,J
8434,J
8435,J
8436,J
8437,J
8438,J
8439,J
8440,J
8441,J
8442,J
8443,J
8444,J
8445,J
8446,J
8447,J
8448,J
8449,J
8450,J
8451,J
8452,J
8453,J
8454,J
8455,J
8456,J
8457,J
8458,J
8459,J
8460,J
8461,J
8462,J
8463,J
8464,J
8465,J
8466,J
8467,J
8468,J
8469,J
8470,J
8471,J
8472,J
8473,J
8474,J
8475,J
8476,J
8477,J
8478,J
8479,J
8480,J
8481,J
8482,J
8483,J
8484,J
8485,J
8486,J
8487,J
8488,J
8489,J
8490,J
8491,J
8492,J
8493,J
8494,J
8495,J
8496,J
8497,J
8498,J
8499,J
8500,J
8501,J
8502,J
8503,J
8504,J
8505,J
8506,J
8507,J
8508,J
8509,A
8510,J
8511,J
8512,J
8513,J
8514,J
8515,J
8516,J
8517,J
8518,J
8519,J
8520,J
8521,J
8522,J
8523,J
8524,J
8525,J
8526,J
8527,J
8528,J
8529,J
8530,J
8531,J
8532,J
8533,J
8534,J
8535,J
8536,J
8537,J
8538,J
8539,D
8540,J
8541,J
8542,J
8543,J
8544,J
8545,J
8546,J
8547,J
8548,J
8549,J
8550,J
8551,J
8552,J
8553,J
8554,J
8555,J
8556,J
8557,J
8558,J
8559,J
8560,J
8561,J
8562,J
8563,J
8564,J
8565,J
8566,J
8567,J
8568,J
8569,J
8570,J
8571,J
8572,J
8573,J
8574,J
8575,J
8576,J
8577,J
8578,J
8579,J
8580,J
8581,J
8582,J
8583,J
8584,J
8585,J
8586,J
8587,J
8588,J
8589,J
8590,J
8591,J
8592,J
8593,J
8594,J
8595,J
8596,J
8597,J
8598,J
8599,J
8600,J
8601,J
8602,J
8603,J
8604,J
8605,J
8606,J
8607,J
8608,J
8609,J
8610,J
8611,J
8612,D
8613,J
8614,J
8615,J
8616,J
8617,J
8618,J
8619,J
8620,J
8621,J
8622,J
8623,J
8624,J
8625,J
8626,J
8627,J
8628,J
8629,J
8630,J
8631,J
8632,J
8633,J
8634,J
8635,J
8636,J
8637,J
8638,J
8639,J
8640,J
8641,J
8642,J
8643,J
8644,J
8645,J
8646,J
8647,J
8648,J
8649,J
8650,J
8651,J
8652,J
8653,J
8654,J
8655,J
8656,J
8657,J
8658,J
8659,J
8660,J
8661,J
8662,J
8663,J
8664,J
8665,J
8666,J
8667,J
8668,J
8669,J
8670,J
8671,J
8672,J
8673,J
8674,J
8675,J
8676,J
8677,J
8678,J
8679,J
8680,J
8681,J
8682,D
8683,J
8684,J
8685,J
8686,J
8687,J
8688,J
8689,J
8690,J
8691,J
8692,J
8693,J
8694,J
8695,G
8696,J
8697,J
8698,J
8699,J
8700,J
8701,J
8702,J
8703,J
8704,J
8705,J
8706,J
8707,J
8708,J
8709,J
8710,J
8711,J
8712,J
8713,J
8714,J
8715,J
8716,J
8717,J
8718,J
8719,J
8720,J
8721,J
8722,J
8723,J
8724,D
8725,J
8726,J
8727,J
8728,J
8729,J
8730,J
8731,J
8732,J
8733,J
8734,J
8735,J
8736,J
8737,J
8738,J
8739,J
8740,J
8741,J
8742,J
8743,J
8744,J
8745,J
8746,J
8747,J
8748,J
8749,J
8750,J
8751,J
8752,J
8753,J
8754,J
8755,J
8756,J
8757,J
8758,J
8759,J
8760,J
8761,J
8762,J
8763,J
8764,J
8765,J
8766,J
8767,J
8768,J
8769,J
8770,J
8771,J
8772,J
8773,J
8774,J
8775,J
8776,J
8777,J
8778,J
8779,J
8780,J
8781,J
8782,J
8783,J
8784,J
8785,J
8786,J
8787,J
8788,J
8789,J
8790,J
8791,J
8792,J
8793,J
8794,J
8795,J
8796,J
8797,J
8798,J
8799,J
8800,J
8801,J
8802,J
8803,J
8804,J
8805,J
8806,J
8807,J
8808,J
8809,J
8810,J
8811,D
8812,J
8813,J
8814,J
8815,J
8816,J
8817,J
8818,J
8819,J
8820,J
8821,J
8822,J
8823,J
8824,J
8825,J
8826,I
8827,J
8828,J
8829,J
8830,J
8831,J
8832,J
8833,J
8834,J
8835,J
8836,J
8837,J
8838,J
8839,J
8840,J
8841,J
8842,J
8843,J
8844,J
8845,J
8846,J
8847,J
8848,J
8849,J
8850,J
8851,J
8852,J
8853,J
8854,J
8855,J
8856,J
8857,J
8858,J
8859,J
8860,J
8861,J
8862,J
8863,J
8864,J
8865,J
8866,J
8867,J
8868,J
8869,J
8870,J
8871,J
8872,J
8873,G
8874,J
8875,J
8876,J
8877,J
8878,J
8879,J
8880,J
8881,J
8882,J
8883,J
8884,J
8885,J
8886,J
8887,J
8888,J
8889,J
8890,J
8891,J
8892,J
8893,J
8894,J
8895,J
8896,J
8897,J
8898,J
8899,J
8900,D
8901,J
8902,J
8903,J
8904,J
8905,J
8906,D
8907,J
8908,J
8909,J
8910,J
8911,J
8912,J
8913,J
8914,J
8915,J
8916,J
8917,J
8918,J
8919,J
8920,J
8921,J
8922,J
8923,J
8924,J
8925,J
8926,J
8927,J
8928,J
8929,J
8930,J
8931,J
8932,J
8933,J
8934,J
8935,J
8936,J
8937,J
8938,J
8939,J
8940,J
8941,J
8942,J
8943,J
8944,J
8945,J
8946,J
8947,D
8948,J
8949,J
8950,J
8951,J
8952,J
8953,J
8954,J
8955,J
8956,J
8957,J
8958,J
8959,J
8960,J
8961,J
8962,J
8963,J
8964,J
8965,J
8966,J
8967,J
8968,J
8969,D
8970,J
8971,J
8972,J
8973,D
8974,J
8975,J
8976,J
8977,J
8978,J
8979,J
8980,J
8981,J
8982,J
8983,J
8984,J
8985,J
8986,J
8987,J
8988,G
8989,J
8990,J
8991,J
8992,J
8993,J
8994,J
8995,J
8996,I
8997,J
8998,J
8999,J
9000,J
9001,J
9002,J
9003,J
9004,J
9005,J
9006,J
9007,J
9008,D
9009,J
9010,J
9011,J
9012,I
9013,J
9014,J
9015,J
9016,J
9017,J
9018,J
9019,J
9020,J
9021,J
9022,J
9023,J
9024,J
9025,J
9026,J
9027,J
9028,J
9029,J
9030,J
9031,J
9032,J
9033,J
9034,J
9035,I
9036,J
9037,J
9038,J
9039,J
9040,D
9041,J
9042,J
9043,I
9044,D
9045,J
9046,J
9047,J
9048,J
9049,J
9050,J
9051,J
9052,J
9053,J
9054,J
9055,J
9056,J
9057,J
9058,J
9059,J
9060,J
9061,J
9062,J
9063,D
9064,J
9065,J
9066,J
9067,J
9068,J
9069,J
9070,J
9071,J
9072,J
9073,J
9074,J
9075,D
9076,J
9077,J
9078,J
9079,J
9080,J
9081,J
9082,H
9083,J
9084,J
9085,J
9086,J
9087,J
9088,J
9089,J
9090,J
9091,J
9092,J
9093,I
9094,J
9095,J
9096,J
9097,J
9098,J
9099,J
9100,J
9101,J
9102,J
9103,J
9104,J
9105,J
9106,J
9107,J
9108,J
9109,J
9110,J
9111,J
9112,J
9113,J
9114,J
9115,J
9116,J
9117,J
9118,J
9119,J
9120,J
9121,J
9122,J
9123,J
9124,J
9125,J
9126,J
9127,J
9128,J
9129,J
9130,J
9131,J
9132,J
9133,J
9134,J
9135,J
9136,J
9137,J
9138,J
9139,J
9140,J
9141,J
9142,J
9143,J
9144,J
9145,J
9146,J
9147,J
9148,J
9149,J
9150,J
9151,J
9152,J
9153,J
9154,J
9155,J
9156,J
9157,J
9158,J
9159,D
9160,J
9161,J
9162,J
9163,J
9164,J
9165,J
9166,J
9167,J
9168,J
9169,J
9170,J
9171,J
9172,J
9173,J
9174,J
9175,J
9176,J
9177,J
9178,J
9179,J
9180,J
9181,J
9182,J
9183,I
9184,J
9185,J
9186,J
9187,J
9188,J
9189,J
9190,J
9191,J
9192,J
9193,J
9194,J
9195,J
9196,J
9197,J
9198,J
9199,J
9200,J
9201,J
9202,J
9203,J
9204,J
9205,J
9206,J
9207,J
9208,J
9209,J
9210,J
9211,J
9212,J
9213,F
9214,J
9215,J
9216,J
9217,J
9218,J
9219,J
9220,J
9221,J
9222,J
9223,J
9224,J
9225,J
9226,J
9227,J
9228,J
9229,J
9230,J
9231,J
9232,J
9233,J
9234,J
9235,J
9236,J
9237,J
9238,J
9239,J
9240,J
9241,J
9242,J
9243,J
9244,J
9245,D
9246,J
9247,J
9248,J
9249,J
9250,J
9251,J
9252,J
9253,J
9254,J
9255,J
9256,J
9257,J
9258,J
9259,J
9260,J
9261,J
9262,J
9263,J
9264,J
9265,J
9266,J
9267,J
9268,J
9269,J
9270,J
9271,J
9272,J
9273,J
9274,J
9275,J
9276,J
9277,J
9278,J
9279,J
9280,J
9281,J
9282,J
9283,J
9284,J
9285,J
9286,J
9287,J
9288,J
9289,J
9290,D
9291,J
9292,J
9293,J
9294,J
9295,J
9296,J
9297,J
9298,J
9299,J
9300,J
9301,J
9302,J
9303,J
9304,J
9305,J
9306,J
9307,J
9308,J
9309,J
9310,J
9311,J
9312,J
9313,J
9314,J
9315,J
9316,J
9317,J
9318,J
9319,J
9320,J
9321,J
9322,J
9323,J
9324,J
9325,J
9326,J
9327,J
9328,J
9329,J
9330,J
9331,J
9332,J
9333,J
9334,J
9335,J
9336,J
9337,J
9338,J
9339,J
9340,J
9341,J
9342,J
9343,J
9344,J
9345,J
9346,J
9347,J
9348,J
9349,J
9350,J
9351,J
9352,J
9353,J
9354,J
9355,J
9356,J
9357,J
9358,J
9359,J
9360,J
9361,C
9362,J
9363,J
